"DevType","District","Weights"
"Metropolitan","CT1",1
"Town","CT1",1
"Rural","CT1",1
"Metropolitan","CT2",1
"Town","CT2",1
"Rural","CT2",1
"Metropolitan","CT3",1
"Town","CT3",1
"Rural","CT3",1
"Metropolitan","CT4",1
"Town","CT4",1
"Rural","CT4",1
"Metropolitan","CT5",1
"Town","CT5",1
"Rural","CT5",1
"Metropolitan","CT6",1
"Town","CT6",1
"Rural","CT6",1
"Metropolitan","CT7",1
"Town","CT7",1
"Rural","CT7",1
"Metropolitan","CT8",1
"Town","CT8",1
"Rural","CT8",1
"Metropolitan","CT9",1
"Town","CT9",1
"Rural","CT9",1
"Metropolitan","CT10",1
"Town","CT10",1
"Rural","CT10",1
"Metropolitan","CT11",1
"Town","CT11",1
"Rural","CT11",1
"Metropolitan","CT12",1
"Town","CT12",1
"Rural","CT12",1
"Metropolitan","CT13",1
"Town","CT13",1
"Rural","CT13",1
"Metropolitan","CT14",1
"Town","CT14",1
"Rural","CT14",1
"Metropolitan","CT15",1
"Town","CT15",1
"Rural","CT15",1
"Metropolitan","CT16",1
"Town","CT16",1
"Rural","CT16",1
"Metropolitan","CT17",1
"Town","CT17",1
"Rural","CT17",1
"Metropolitan","CT18",1
"Town","CT18",1
"Rural","CT18",1
"Metropolitan","CT19",1
"Town","CT19",1
"Rural","CT19",1
"Metropolitan","CT20",1
"Town","CT20",1
"Rural","CT20",1
"Metropolitan","CT21",1
"Town","CT21",1
"Rural","CT21",1
"Metropolitan","CT22",1
"Town","CT22",1
"Rural","CT22",1
"Metropolitan","CT23",1
"Town","CT23",1
"Rural","CT23",1
"Metropolitan","CT24",1
"Town","CT24",1
"Rural","CT24",1
"Metropolitan","CT25",1
"Town","CT25",1
"Rural","CT25",1
"Metropolitan","CT26",1
"Town","CT26",1
"Rural","CT26",1
"Metropolitan","CT27",1
"Town","CT27",1
"Rural","CT27",1
"Metropolitan","CT28",1
"Town","CT28",1
"Rural","CT28",1
"Metropolitan","CT29",1
"Town","CT29",1
"Rural","CT29",1
"Metropolitan","CT30",1
"Town","CT30",1
"Rural","CT30",1
"Metropolitan","CT31",1
"Town","CT31",1
"Rural","CT31",1
"Metropolitan","CT32",1
"Town","CT32",1
"Rural","CT32",1
"Metropolitan","CT33",1
"Town","CT33",1
"Rural","CT33",1
"Metropolitan","CT34",1
"Town","CT34",1
"Rural","CT34",1
"Metropolitan","CT35",1
"Town","CT35",1
"Rural","CT35",1
"Metropolitan","CT36",1
"Town","CT36",1
"Rural","CT36",1
"Metropolitan","CT37",1
"Town","CT37",1
"Rural","CT37",1
"Metropolitan","CT38",1
"Town","CT38",1
"Rural","CT38",1
"Metropolitan","CT39",1
"Town","CT39",1
"Rural","CT39",1
"Metropolitan","CT40",1
"Town","CT40",1
"Rural","CT40",1
"Metropolitan","CT41",1
"Town","CT41",1
"Rural","CT41",1
"Metropolitan","CT42",1
"Town","CT42",1
"Rural","CT42",1
"Metropolitan","CT43",1
"Town","CT43",1
"Rural","CT43",1
"Metropolitan","CT44",1
"Town","CT44",1
"Rural","CT44",1
"Metropolitan","CT45",1
"Town","CT45",1
"Rural","CT45",1
"Metropolitan","CT46",1
"Town","CT46",1
"Rural","CT46",1
"Metropolitan","CT47",1
"Town","CT47",1
"Rural","CT47",1
"Metropolitan","CT48",1
"Town","CT48",1
"Rural","CT48",1
"Metropolitan","CT49",1
"Town","CT49",1
"Rural","CT49",1
"Metropolitan","CT50",1
"Town","CT50",1
"Rural","CT50",1
"Metropolitan","CT51",1
"Town","CT51",1
"Rural","CT51",1
"Metropolitan","CT52",1
"Town","CT52",1
"Rural","CT52",1
"Metropolitan","CT53",1
"Town","CT53",1
"Rural","CT53",1
"Metropolitan","CT54",1
"Town","CT54",1
"Rural","CT54",1
"Metropolitan","CT55",1
"Town","CT55",1
"Rural","CT55",1
"Metropolitan","CT56",1
"Town","CT56",1
"Rural","CT56",1
"Metropolitan","CT57",1
"Town","CT57",1
"Rural","CT57",1
"Metropolitan","CT58",1
"Town","CT58",1
"Rural","CT58",1
"Metropolitan","CT59",1
"Town","CT59",1
"Rural","CT59",1
"Metropolitan","CT60",1
"Town","CT60",1
"Rural","CT60",1
"Metropolitan","CT61",1
"Town","CT61",1
"Rural","CT61",1
"Metropolitan","CT62",1
"Town","CT62",1
"Rural","CT62",1
"Metropolitan","CT63",1
"Town","CT63",1
"Rural","CT63",1
"Metropolitan","CT64",1
"Town","CT64",1
"Rural","CT64",1
"Metropolitan","CT65",1
"Town","CT65",1
"Rural","CT65",1
"Metropolitan","CT66",1
"Town","CT66",1
"Rural","CT66",1
"Metropolitan","CT67",1
"Town","CT67",1
"Rural","CT67",1
"Metropolitan","CT68",1
"Town","CT68",1
"Rural","CT68",1
"Metropolitan","CT69",1
"Town","CT69",1
"Rural","CT69",1
"Metropolitan","CT70",1
"Town","CT70",1
"Rural","CT70",1
"Metropolitan","CT71",1
"Town","CT71",1
"Rural","CT71",1
"Metropolitan","CT72",1
"Town","CT72",1
"Rural","CT72",1
"Metropolitan","CT73",1
"Town","CT73",1
"Rural","CT73",1
"Metropolitan","CT74",1
"Town","CT74",1
"Rural","CT74",1
"Metropolitan","CT75",1
"Town","CT75",1
"Rural","CT75",1
"Metropolitan","CT76",1
"Town","CT76",1
"Rural","CT76",1
"Metropolitan","CT77",1
"Town","CT77",1
"Rural","CT77",1
"Metropolitan","CT78",1
"Town","CT78",1
"Rural","CT78",1
"Metropolitan","CT79",1
"Town","CT79",1
"Rural","CT79",1
"Metropolitan","CT80",1
"Town","CT80",1
"Rural","CT80",1
"Metropolitan","CT81",1
"Town","CT81",1
"Rural","CT81",1
"Metropolitan","CT82",1
"Town","CT82",1
"Rural","CT82",1
"Metropolitan","CT83",1
"Town","CT83",1
"Rural","CT83",1
"Metropolitan","CT84",1
"Town","CT84",1
"Rural","CT84",1
"Metropolitan","CT85",1
"Town","CT85",1
"Rural","CT85",1
"Metropolitan","CT86",1
"Town","CT86",1
"Rural","CT86",1
"Metropolitan","CT87",1
"Town","CT87",1
"Rural","CT87",1
"Metropolitan","CT88",1
"Town","CT88",1
"Rural","CT88",1
"Metropolitan","CT89",1
"Town","CT89",1
"Rural","CT89",1
"Metropolitan","CT90",1
"Town","CT90",1
"Rural","CT90",1
"Metropolitan","CT91",1
"Town","CT91",1
"Rural","CT91",1
"Metropolitan","CT92",1
"Town","CT92",1
"Rural","CT92",1
"Metropolitan","CT93",1
"Town","CT93",1
"Rural","CT93",1
"Metropolitan","CT94",1
"Town","CT94",1
"Rural","CT94",1
"Metropolitan","CT95",1
"Town","CT95",1
"Rural","CT95",1
"Metropolitan","CT96",1
"Town","CT96",1
"Rural","CT96",1
"Metropolitan","CT97",1
"Town","CT97",1
"Rural","CT97",1
"Metropolitan","CT98",1
"Town","CT98",1
"Rural","CT98",1
"Metropolitan","CT99",1
"Town","CT99",1
"Rural","CT99",1
"Metropolitan","CT100",1
"Town","CT100",1
"Rural","CT100",1
"Metropolitan","CT101",1
"Town","CT101",1
"Rural","CT101",1
"Metropolitan","CT102",1
"Town","CT102",1
"Rural","CT102",1
"Metropolitan","CT103",1
"Town","CT103",1
"Rural","CT103",1
"Metropolitan","CT104",1
"Town","CT104",1
"Rural","CT104",1
"Metropolitan","CT105",1
"Town","CT105",1
"Rural","CT105",1
"Metropolitan","CT106",1
"Town","CT106",1
"Rural","CT106",1
"Metropolitan","CT107",1
"Town","CT107",1
"Rural","CT107",1
"Metropolitan","CT108",1
"Town","CT108",1
"Rural","CT108",1
"Metropolitan","CT109",1
"Town","CT109",1
"Rural","CT109",1
"Metropolitan","CT110",1
"Town","CT110",1
"Rural","CT110",1
"Metropolitan","CT111",1
"Town","CT111",1
"Rural","CT111",1
"Metropolitan","CT112",1
"Town","CT112",1
"Rural","CT112",1
"Metropolitan","CT113",1
"Town","CT113",1
"Rural","CT113",1
"Metropolitan","CT114",1
"Town","CT114",1
"Rural","CT114",1
"Metropolitan","CT115",1
"Town","CT115",1
"Rural","CT115",1
"Metropolitan","CT116",1
"Town","CT116",1
"Rural","CT116",1
"Metropolitan","CT117",1
"Town","CT117",1
"Rural","CT117",1
"Metropolitan","CT118",1
"Town","CT118",1
"Rural","CT118",1
"Metropolitan","CT119",1
"Town","CT119",1
"Rural","CT119",1
"Metropolitan","CT120",1
"Town","CT120",1
"Rural","CT120",1
"Metropolitan","CT121",1
"Town","CT121",1
"Rural","CT121",1
"Metropolitan","CT122",1
"Town","CT122",1
"Rural","CT122",1
"Metropolitan","CT123",1
"Town","CT123",1
"Rural","CT123",1
"Metropolitan","CT124",1
"Town","CT124",1
"Rural","CT124",1
"Metropolitan","CT125",1
"Town","CT125",1
"Rural","CT125",1
"Metropolitan","CT126",1
"Town","CT126",1
"Rural","CT126",1
"Metropolitan","CT127",1
"Town","CT127",1
"Rural","CT127",1
"Metropolitan","CT128",1
"Town","CT128",1
"Rural","CT128",1
"Metropolitan","CT129",1
"Town","CT129",1
"Rural","CT129",1
"Metropolitan","CT130",1
"Town","CT130",1
"Rural","CT130",1
"Metropolitan","CT131",1
"Town","CT131",1
"Rural","CT131",1
"Metropolitan","CT132",1
"Town","CT132",1
"Rural","CT132",1
"Metropolitan","CT133",1
"Town","CT133",1
"Rural","CT133",1
"Metropolitan","CT134",1
"Town","CT134",1
"Rural","CT134",1
"Metropolitan","CT135",1
"Town","CT135",1
"Rural","CT135",1
"Metropolitan","CT136",1
"Town","CT136",1
"Rural","CT136",1
"Metropolitan","CT137",1
"Town","CT137",1
"Rural","CT137",1
"Metropolitan","CT138",1
"Town","CT138",1
"Rural","CT138",1
"Metropolitan","CT139",1
"Town","CT139",1
"Rural","CT139",1
"Metropolitan","CT140",1
"Town","CT140",1
"Rural","CT140",1
"Metropolitan","CT141",1
"Town","CT141",1
"Rural","CT141",1
"Metropolitan","CT142",1
"Town","CT142",1
"Rural","CT142",1
"Metropolitan","CT143",1
"Town","CT143",1
"Rural","CT143",1
"Metropolitan","CT144",1
"Town","CT144",1
"Rural","CT144",1
"Metropolitan","CT145",1
"Town","CT145",1
"Rural","CT145",1
"Metropolitan","CT146",1
"Town","CT146",1
"Rural","CT146",1
"Metropolitan","CT147",1
"Town","CT147",1
"Rural","CT147",1
"Metropolitan","CT148",1
"Town","CT148",1
"Rural","CT148",1
"Metropolitan","CT149",1
"Town","CT149",1
"Rural","CT149",1
"Metropolitan","CT150",1
"Town","CT150",1
"Rural","CT150",1
"Metropolitan","CT151",1
"Town","CT151",1
"Rural","CT151",1
"Metropolitan","CT152",1
"Town","CT152",1
"Rural","CT152",1
"Metropolitan","CT153",1
"Town","CT153",1
"Rural","CT153",1
"Metropolitan","CT154",1
"Town","CT154",1
"Rural","CT154",1
"Metropolitan","CT155",1
"Town","CT155",1
"Rural","CT155",1
"Metropolitan","CT156",1
"Town","CT156",1
"Rural","CT156",1
"Metropolitan","CT157",1
"Town","CT157",1
"Rural","CT157",1
"Metropolitan","CT158",1
"Town","CT158",1
"Rural","CT158",1
"Metropolitan","CT159",1
"Town","CT159",1
"Rural","CT159",1
"Metropolitan","CT160",1
"Town","CT160",1
"Rural","CT160",1
"Metropolitan","CT161",1
"Town","CT161",1
"Rural","CT161",1
"Metropolitan","CT162",1
"Town","CT162",1
"Rural","CT162",1
"Metropolitan","CT163",1
"Town","CT163",1
"Rural","CT163",1
"Metropolitan","CT164",1
"Town","CT164",1
"Rural","CT164",1
"Metropolitan","CT165",1
"Town","CT165",1
"Rural","CT165",1
"Metropolitan","CT166",1
"Town","CT166",1
"Rural","CT166",1
"Metropolitan","CT167",1
"Town","CT167",1
"Rural","CT167",1
"Metropolitan","CT168",1
"Town","CT168",1
"Rural","CT168",1
"Metropolitan","CT169",1
"Town","CT169",1
"Rural","CT169",1
"Metropolitan","CT170",1
"Town","CT170",1
"Rural","CT170",1
"Metropolitan","CT171",1
"Town","CT171",1
"Rural","CT171",1
"Metropolitan","CT172",1
"Town","CT172",1
"Rural","CT172",1
"Metropolitan","CT173",1
"Town","CT173",1
"Rural","CT173",1
"Metropolitan","CT174",1
"Town","CT174",1
"Rural","CT174",1
"Metropolitan","CT175",1
"Town","CT175",1
"Rural","CT175",1
"Metropolitan","CT176",1
"Town","CT176",1
"Rural","CT176",1
"Metropolitan","CT177",1
"Town","CT177",1
"Rural","CT177",1
"Metropolitan","CT178",1
"Town","CT178",1
"Rural","CT178",1
"Metropolitan","CT179",1
"Town","CT179",1
"Rural","CT179",1
"Metropolitan","CT180",1
"Town","CT180",1
"Rural","CT180",1
"Metropolitan","CT181",1
"Town","CT181",1
"Rural","CT181",1
"Metropolitan","CT182",1
"Town","CT182",1
"Rural","CT182",1
"Metropolitan","CT183",1
"Town","CT183",1
"Rural","CT183",1
"Metropolitan","CT184",1
"Town","CT184",1
"Rural","CT184",1
"Metropolitan","CT185",1
"Town","CT185",1
"Rural","CT185",1
"Metropolitan","CT186",1
"Town","CT186",1
"Rural","CT186",1
"Metropolitan","CT187",1
"Town","CT187",1
"Rural","CT187",1
"Metropolitan","CT188",1
"Town","CT188",1
"Rural","CT188",1
"Metropolitan","CT189",1
"Town","CT189",1
"Rural","CT189",1
"Metropolitan","CT190",1
"Town","CT190",1
"Rural","CT190",1
"Metropolitan","CT191",1
"Town","CT191",1
"Rural","CT191",1
"Metropolitan","CT192",1
"Town","CT192",1
"Rural","CT192",1
"Metropolitan","CT193",1
"Town","CT193",1
"Rural","CT193",1
"Metropolitan","CT194",1
"Town","CT194",1
"Rural","CT194",1
"Metropolitan","CT195",1
"Town","CT195",1
"Rural","CT195",1
"Metropolitan","CT196",1
"Town","CT196",1
"Rural","CT196",1
"Metropolitan","CT197",1
"Town","CT197",1
"Rural","CT197",1
"Metropolitan","CT198",1
"Town","CT198",1
"Rural","CT198",1
"Metropolitan","CT199",1
"Town","CT199",1
"Rural","CT199",1
"Metropolitan","CT200",1
"Town","CT200",1
"Rural","CT200",1
"Metropolitan","CT201",1
"Town","CT201",1
"Rural","CT201",1
"Metropolitan","CT202",1
"Town","CT202",1
"Rural","CT202",1
"Metropolitan","CT203",1
"Town","CT203",1
"Rural","CT203",1
"Metropolitan","CT204",1
"Town","CT204",1
"Rural","CT204",1
"Metropolitan","CT205",1
"Town","CT205",1
"Rural","CT205",1
"Metropolitan","CT206",1
"Town","CT206",1
"Rural","CT206",1
"Metropolitan","CT207",1
"Town","CT207",1
"Rural","CT207",1
"Metropolitan","CT208",1
"Town","CT208",1
"Rural","CT208",1
"Metropolitan","CT209",1
"Town","CT209",1
"Rural","CT209",1
"Metropolitan","CT210",1
"Town","CT210",1
"Rural","CT210",1
"Metropolitan","CT211",1
"Town","CT211",1
"Rural","CT211",1
"Metropolitan","CT212",1
"Town","CT212",1
"Rural","CT212",1
"Metropolitan","CT213",1
"Town","CT213",1
"Rural","CT213",1
"Metropolitan","CT214",1
"Town","CT214",1
"Rural","CT214",1
"Metropolitan","CT215",1
"Town","CT215",1
"Rural","CT215",1
"Metropolitan","CT216",1
"Town","CT216",1
"Rural","CT216",1
"Metropolitan","CT217",1
"Town","CT217",1
"Rural","CT217",1
"Metropolitan","CT218",1
"Town","CT218",1
"Rural","CT218",1
"Metropolitan","CT219",1
"Town","CT219",1
"Rural","CT219",1
"Metropolitan","CT220",1
"Town","CT220",1
"Rural","CT220",1
"Metropolitan","CT221",1
"Town","CT221",1
"Rural","CT221",1
"Metropolitan","CT222",1
"Town","CT222",1
"Rural","CT222",1
"Metropolitan","CT223",1
"Town","CT223",1
"Rural","CT223",1
"Metropolitan","CT224",1
"Town","CT224",1
"Rural","CT224",1
"Metropolitan","CT225",1
"Town","CT225",1
"Rural","CT225",1
"Metropolitan","CT226",1
"Town","CT226",1
"Rural","CT226",1
"Metropolitan","CT227",1
"Town","CT227",1
"Rural","CT227",1
"Metropolitan","CT228",1
"Town","CT228",1
"Rural","CT228",1
"Metropolitan","CT229",1
"Town","CT229",1
"Rural","CT229",1
"Metropolitan","CT230",1
"Town","CT230",1
"Rural","CT230",1
"Metropolitan","CT231",1
"Town","CT231",1
"Rural","CT231",1
"Metropolitan","CT232",1
"Town","CT232",1
"Rural","CT232",1
"Metropolitan","CT233",1
"Town","CT233",1
"Rural","CT233",1
"Metropolitan","CT234",1
"Town","CT234",1
"Rural","CT234",1
"Metropolitan","CT235",1
"Town","CT235",1
"Rural","CT235",1
"Metropolitan","CT236",1
"Town","CT236",1
"Rural","CT236",1
"Metropolitan","CT237",1
"Town","CT237",1
"Rural","CT237",1
"Metropolitan","CT238",1
"Town","CT238",1
"Rural","CT238",1
"Metropolitan","CT239",1
"Town","CT239",1
"Rural","CT239",1
"Metropolitan","CT240",1
"Town","CT240",1
"Rural","CT240",1
"Metropolitan","CT241",1
"Town","CT241",1
"Rural","CT241",1
"Metropolitan","CT242",1
"Town","CT242",1
"Rural","CT242",1
"Metropolitan","CT243",1
"Town","CT243",1
"Rural","CT243",1
"Metropolitan","CT244",1
"Town","CT244",1
"Rural","CT244",1
"Metropolitan","CT245",1
"Town","CT245",1
"Rural","CT245",1
"Metropolitan","CT246",1
"Town","CT246",1
"Rural","CT246",1
"Metropolitan","CT247",1
"Town","CT247",1
"Rural","CT247",1
"Metropolitan","CT248",1
"Town","CT248",1
"Rural","CT248",1
"Metropolitan","CT249",1
"Town","CT249",1
"Rural","CT249",1
"Metropolitan","CT250",1
"Town","CT250",1
"Rural","CT250",1
"Metropolitan","CT251",1
"Town","CT251",1
"Rural","CT251",1
"Metropolitan","CT252",1
"Town","CT252",1
"Rural","CT252",1
"Metropolitan","CT253",1
"Town","CT253",1
"Rural","CT253",1
"Metropolitan","CT254",1
"Town","CT254",1
"Rural","CT254",1
"Metropolitan","CT255",1
"Town","CT255",1
"Rural","CT255",1
"Metropolitan","CT256",1
"Town","CT256",1
"Rural","CT256",1
"Metropolitan","CT257",1
"Town","CT257",1
"Rural","CT257",1
"Metropolitan","CT258",1
"Town","CT258",1
"Rural","CT258",1
"Metropolitan","CT259",1
"Town","CT259",1
"Rural","CT259",1
"Metropolitan","CT260",1
"Town","CT260",1
"Rural","CT260",1
"Metropolitan","CT261",1
"Town","CT261",1
"Rural","CT261",1
"Metropolitan","CT262",1
"Town","CT262",1
"Rural","CT262",1
"Metropolitan","CT263",1
"Town","CT263",1
"Rural","CT263",1
"Metropolitan","CT264",1
"Town","CT264",1
"Rural","CT264",1
"Metropolitan","CT265",1
"Town","CT265",1
"Rural","CT265",1
"Metropolitan","CT266",1
"Town","CT266",1
"Rural","CT266",1
"Metropolitan","CT267",1
"Town","CT267",1
"Rural","CT267",1
"Metropolitan","CT268",1
"Town","CT268",1
"Rural","CT268",1
"Metropolitan","CT269",1
"Town","CT269",1
"Rural","CT269",1
"Metropolitan","CT270",1
"Town","CT270",1
"Rural","CT270",1
"Metropolitan","CT271",1
"Town","CT271",1
"Rural","CT271",1
"Metropolitan","CT272",1
"Town","CT272",1
"Rural","CT272",1
"Metropolitan","CT273",1
"Town","CT273",1
"Rural","CT273",1
"Metropolitan","CT274",1
"Town","CT274",1
"Rural","CT274",1
"Metropolitan","CT275",1
"Town","CT275",1
"Rural","CT275",1
"Metropolitan","CT276",1
"Town","CT276",1
"Rural","CT276",1
"Metropolitan","CT277",1
"Town","CT277",1
"Rural","CT277",1
"Metropolitan","CT278",1
"Town","CT278",1
"Rural","CT278",1
"Metropolitan","CT279",1
"Town","CT279",1
"Rural","CT279",1
"Metropolitan","CT280",1
"Town","CT280",1
"Rural","CT280",1
"Metropolitan","CT281",1
"Town","CT281",1
"Rural","CT281",1
"Metropolitan","CT282",1
"Town","CT282",1
"Rural","CT282",1
"Metropolitan","CT283",1
"Town","CT283",1
"Rural","CT283",1
"Metropolitan","CT284",1
"Town","CT284",1
"Rural","CT284",1
"Metropolitan","CT285",1
"Town","CT285",1
"Rural","CT285",1
"Metropolitan","CT286",1
"Town","CT286",1
"Rural","CT286",1
"Metropolitan","CT287",1
"Town","CT287",1
"Rural","CT287",1
"Metropolitan","CT288",1
"Town","CT288",1
"Rural","CT288",1
"Metropolitan","CT289",1
"Town","CT289",1
"Rural","CT289",1
"Metropolitan","CT290",1
"Town","CT290",1
"Rural","CT290",1
"Metropolitan","CT291",1
"Town","CT291",1
"Rural","CT291",1
"Metropolitan","CT292",1
"Town","CT292",1
"Rural","CT292",1
"Metropolitan","CT293",1
"Town","CT293",1
"Rural","CT293",1
"Metropolitan","CT294",1
"Town","CT294",1
"Rural","CT294",1
"Metropolitan","CT295",1
"Town","CT295",1
"Rural","CT295",1
"Metropolitan","CT296",1
"Town","CT296",1
"Rural","CT296",1
"Metropolitan","CT297",1
"Town","CT297",1
"Rural","CT297",1
"Metropolitan","CT298",1
"Town","CT298",1
"Rural","CT298",1
"Metropolitan","CT299",1
"Town","CT299",1
"Rural","CT299",1
"Metropolitan","CT300",1
"Town","CT300",1
"Rural","CT300",1
"Metropolitan","CT301",1
"Town","CT301",1
"Rural","CT301",1
"Metropolitan","CT302",1
"Town","CT302",1
"Rural","CT302",1
"Metropolitan","CT303",1
"Town","CT303",1
"Rural","CT303",1
"Metropolitan","CT304",1
"Town","CT304",1
"Rural","CT304",1
"Metropolitan","CT305",1
"Town","CT305",1
"Rural","CT305",1
"Metropolitan","CT306",1
"Town","CT306",1
"Rural","CT306",1
"Metropolitan","CT307",1
"Town","CT307",1
"Rural","CT307",1
"Metropolitan","CT308",1
"Town","CT308",1
"Rural","CT308",1
"Metropolitan","CT309",1
"Town","CT309",1
"Rural","CT309",1
"Metropolitan","CT310",1
"Town","CT310",1
"Rural","CT310",1
"Metropolitan","CT311",1
"Town","CT311",1
"Rural","CT311",1
"Metropolitan","CT312",1
"Town","CT312",1
"Rural","CT312",1
"Metropolitan","CT313",1
"Town","CT313",1
"Rural","CT313",1
"Metropolitan","CT314",1
"Town","CT314",1
"Rural","CT314",1
"Metropolitan","CT315",1
"Town","CT315",1
"Rural","CT315",1
"Metropolitan","CT316",1
"Town","CT316",1
"Rural","CT316",1
"Metropolitan","CT317",1
"Town","CT317",1
"Rural","CT317",1
"Metropolitan","CT318",1
"Town","CT318",1
"Rural","CT318",1
"Metropolitan","CT319",1
"Town","CT319",1
"Rural","CT319",1
"Metropolitan","CT320",1
"Town","CT320",1
"Rural","CT320",1
"Metropolitan","CT321",1
"Town","CT321",1
"Rural","CT321",1
"Metropolitan","CT322",1
"Town","CT322",1
"Rural","CT322",1
"Metropolitan","CT323",1
"Town","CT323",1
"Rural","CT323",1
"Metropolitan","CT324",1
"Town","CT324",1
"Rural","CT324",1
"Metropolitan","CT325",1
"Town","CT325",1
"Rural","CT325",1
"Metropolitan","CT326",1
"Town","CT326",1
"Rural","CT326",1
"Metropolitan","CT327",1
"Town","CT327",1
"Rural","CT327",1
"Metropolitan","CT328",1
"Town","CT328",1
"Rural","CT328",1
"Metropolitan","CT329",1
"Town","CT329",1
"Rural","CT329",1
"Metropolitan","CT330",1
"Town","CT330",1
"Rural","CT330",1
"Metropolitan","CT331",1
"Town","CT331",1
"Rural","CT331",1
"Metropolitan","CT332",1
"Town","CT332",1
"Rural","CT332",1
"Metropolitan","CT333",1
"Town","CT333",1
"Rural","CT333",1
"Metropolitan","CT334",1
"Town","CT334",1
"Rural","CT334",1
"Metropolitan","CT335",1
"Town","CT335",1
"Rural","CT335",1
"Metropolitan","CT336",1
"Town","CT336",1
"Rural","CT336",1
"Metropolitan","CT337",1
"Town","CT337",1
"Rural","CT337",1
"Metropolitan","CT338",1
"Town","CT338",1
"Rural","CT338",1
"Metropolitan","CT339",1
"Town","CT339",1
"Rural","CT339",1
"Metropolitan","CT340",1
"Town","CT340",1
"Rural","CT340",1
"Metropolitan","CT341",1
"Town","CT341",1
"Rural","CT341",1
"Metropolitan","CT342",1
"Town","CT342",1
"Rural","CT342",1
"Metropolitan","CT343",1
"Town","CT343",1
"Rural","CT343",1
"Metropolitan","CT344",1
"Town","CT344",1
"Rural","CT344",1
"Metropolitan","CT345",1
"Town","CT345",1
"Rural","CT345",1
"Metropolitan","CT346",1
"Town","CT346",1
"Rural","CT346",1
"Metropolitan","CT347",1
"Town","CT347",1
"Rural","CT347",1
"Metropolitan","CT348",1
"Town","CT348",1
"Rural","CT348",1
"Metropolitan","CT349",1
"Town","CT349",1
"Rural","CT349",1
"Metropolitan","CT350",1
"Town","CT350",1
"Rural","CT350",1
"Metropolitan","CT351",1
"Town","CT351",1
"Rural","CT351",1
"Metropolitan","CT352",1
"Town","CT352",1
"Rural","CT352",1
"Metropolitan","CT353",1
"Town","CT353",1
"Rural","CT353",1
"Metropolitan","CT354",1
"Town","CT354",1
"Rural","CT354",1
"Metropolitan","CT355",1
"Town","CT355",1
"Rural","CT355",1
"Metropolitan","CT356",1
"Town","CT356",1
"Rural","CT356",1
"Metropolitan","CT357",1
"Town","CT357",1
"Rural","CT357",1
"Metropolitan","CT358",1
"Town","CT358",1
"Rural","CT358",1
"Metropolitan","CT359",1
"Town","CT359",1
"Rural","CT359",1
"Metropolitan","CT360",1
"Town","CT360",1
"Rural","CT360",1
"Metropolitan","CT361",1
"Town","CT361",1
"Rural","CT361",1
"Metropolitan","CT362",1
"Town","CT362",1
"Rural","CT362",1
"Metropolitan","CT363",1
"Town","CT363",1
"Rural","CT363",1
"Metropolitan","CT364",1
"Town","CT364",1
"Rural","CT364",1
"Metropolitan","CT365",1
"Town","CT365",1
"Rural","CT365",1
"Metropolitan","CT366",1
"Town","CT366",1
"Rural","CT366",1
"Metropolitan","CT367",1
"Town","CT367",1
"Rural","CT367",1
"Metropolitan","CT368",1
"Town","CT368",1
"Rural","CT368",1
"Metropolitan","CT369",1
"Town","CT369",1
"Rural","CT369",1
"Metropolitan","CT370",1
"Town","CT370",1
"Rural","CT370",1
"Metropolitan","CT371",1
"Town","CT371",1
"Rural","CT371",1
"Metropolitan","CT372",1
"Town","CT372",1
"Rural","CT372",1
"Metropolitan","CT373",1
"Town","CT373",1
"Rural","CT373",1
"Metropolitan","CT374",1
"Town","CT374",1
"Rural","CT374",1
"Metropolitan","CT375",1
"Town","CT375",1
"Rural","CT375",1
"Metropolitan","CT376",1
"Town","CT376",1
"Rural","CT376",1
"Metropolitan","CT377",1
"Town","CT377",1
"Rural","CT377",1
"Metropolitan","CT378",1
"Town","CT378",1
"Rural","CT378",1
"Metropolitan","CT379",1
"Town","CT379",1
"Rural","CT379",1
"Metropolitan","CT380",1
"Town","CT380",1
"Rural","CT380",1
"Metropolitan","CT381",1
"Town","CT381",1
"Rural","CT381",1
"Metropolitan","CT382",1
"Town","CT382",1
"Rural","CT382",1
"Metropolitan","CT383",1
"Town","CT383",1
"Rural","CT383",1
"Metropolitan","CT384",1
"Town","CT384",1
"Rural","CT384",1
"Metropolitan","CT385",1
"Town","CT385",1
"Rural","CT385",1
"Metropolitan","CT386",1
"Town","CT386",1
"Rural","CT386",1
"Metropolitan","CT387",1
"Town","CT387",1
"Rural","CT387",1
"Metropolitan","CT388",1
"Town","CT388",1
"Rural","CT388",1
"Metropolitan","CT389",1
"Town","CT389",1
"Rural","CT389",1
"Metropolitan","CT390",1
"Town","CT390",1
"Rural","CT390",1
"Metropolitan","CT391",1
"Town","CT391",1
"Rural","CT391",1
"Metropolitan","CT392",1
"Town","CT392",1
"Rural","CT392",1
"Metropolitan","CT393",1
"Town","CT393",1
"Rural","CT393",1
"Metropolitan","CT394",1
"Town","CT394",1
"Rural","CT394",1
"Metropolitan","CT395",1
"Town","CT395",1
"Rural","CT395",1
"Metropolitan","CT396",1
"Town","CT396",1
"Rural","CT396",1
"Metropolitan","CT397",1
"Town","CT397",1
"Rural","CT397",1
"Metropolitan","CT398",1
"Town","CT398",1
"Rural","CT398",1
"Metropolitan","CT399",1
"Town","CT399",1
"Rural","CT399",1
"Metropolitan","CT400",1
"Town","CT400",1
"Rural","CT400",1
"Metropolitan","CT401",1
"Town","CT401",1
"Rural","CT401",1
"Metropolitan","CT402",1
"Town","CT402",1
"Rural","CT402",1
"Metropolitan","CT403",1
"Town","CT403",1
"Rural","CT403",1
"Metropolitan","CT404",1
"Town","CT404",1
"Rural","CT404",1
"Metropolitan","CT405",1
"Town","CT405",1
"Rural","CT405",1
"Metropolitan","CT406",1
"Town","CT406",1
"Rural","CT406",1
"Metropolitan","CT407",1
"Town","CT407",1
"Rural","CT407",1
"Metropolitan","CT408",1
"Town","CT408",1
"Rural","CT408",1
"Metropolitan","CT409",1
"Town","CT409",1
"Rural","CT409",1
"Metropolitan","CT410",1
"Town","CT410",1
"Rural","CT410",1
"Metropolitan","CT411",1
"Town","CT411",1
"Rural","CT411",1
"Metropolitan","CT412",1
"Town","CT412",1
"Rural","CT412",1
"Metropolitan","CT413",1
"Town","CT413",1
"Rural","CT413",1
"Metropolitan","CT414",1
"Town","CT414",1
"Rural","CT414",1
"Metropolitan","CT415",1
"Town","CT415",1
"Rural","CT415",1
"Metropolitan","CT416",1
"Town","CT416",1
"Rural","CT416",1
"Metropolitan","CT417",1
"Town","CT417",1
"Rural","CT417",1
"Metropolitan","CT418",1
"Town","CT418",1
"Rural","CT418",1
"Metropolitan","CT419",1
"Town","CT419",1
"Rural","CT419",1
"Metropolitan","CT420",1
"Town","CT420",1
"Rural","CT420",1
"Metropolitan","CT421",1
"Town","CT421",1
"Rural","CT421",1
"Metropolitan","CT422",1
"Town","CT422",1
"Rural","CT422",1
"Metropolitan","CT423",1
"Town","CT423",1
"Rural","CT423",1
"Metropolitan","CT424",1
"Town","CT424",1
"Rural","CT424",1
"Metropolitan","CT425",1
"Town","CT425",1
"Rural","CT425",1
"Metropolitan","CT426",1
"Town","CT426",1
"Rural","CT426",1
"Metropolitan","CT427",1
"Town","CT427",1
"Rural","CT427",1
"Metropolitan","CT428",1
"Town","CT428",1
"Rural","CT428",1
"Metropolitan","CT429",1
"Town","CT429",1
"Rural","CT429",1
"Metropolitan","CT430",1
"Town","CT430",1
"Rural","CT430",1
"Metropolitan","CT431",1
"Town","CT431",1
"Rural","CT431",1
"Metropolitan","CT432",1
"Town","CT432",1
"Rural","CT432",1
"Metropolitan","CT433",1
"Town","CT433",1
"Rural","CT433",1
"Metropolitan","CT434",1
"Town","CT434",1
"Rural","CT434",1
"Metropolitan","CT435",1
"Town","CT435",1
"Rural","CT435",1
"Metropolitan","CT436",1
"Town","CT436",1
"Rural","CT436",1
"Metropolitan","CT437",1
"Town","CT437",1
"Rural","CT437",1
"Metropolitan","CT438",1
"Town","CT438",1
"Rural","CT438",1
"Metropolitan","CT439",1
"Town","CT439",1
"Rural","CT439",1
"Metropolitan","CT440",1
"Town","CT440",1
"Rural","CT440",1
"Metropolitan","CT441",1
"Town","CT441",1
"Rural","CT441",1
"Metropolitan","CT442",1
"Town","CT442",1
"Rural","CT442",1
"Metropolitan","CT443",1
"Town","CT443",1
"Rural","CT443",1
"Metropolitan","CT444",1
"Town","CT444",1
"Rural","CT444",1
"Metropolitan","CT445",1
"Town","CT445",1
"Rural","CT445",1
"Metropolitan","CT446",1
"Town","CT446",1
"Rural","CT446",1
"Metropolitan","CT447",1
"Town","CT447",1
"Rural","CT447",1
"Metropolitan","CT448",1
"Town","CT448",1
"Rural","CT448",1
"Metropolitan","CT449",1
"Town","CT449",1
"Rural","CT449",1
"Metropolitan","CT450",1
"Town","CT450",1
"Rural","CT450",1
"Metropolitan","CT451",1
"Town","CT451",1
"Rural","CT451",1
"Metropolitan","CT452",1
"Town","CT452",1
"Rural","CT452",1
"Metropolitan","CT453",1
"Town","CT453",1
"Rural","CT453",1
"Metropolitan","CT454",1
"Town","CT454",1
"Rural","CT454",1
"Metropolitan","CT455",1
"Town","CT455",1
"Rural","CT455",1
"Metropolitan","CT456",1
"Town","CT456",1
"Rural","CT456",1
"Metropolitan","CT457",1
"Town","CT457",1
"Rural","CT457",1
"Metropolitan","CT458",1
"Town","CT458",1
"Rural","CT458",1
"Metropolitan","CT459",1
"Town","CT459",1
"Rural","CT459",1
"Metropolitan","CT460",1
"Town","CT460",1
"Rural","CT460",1
"Metropolitan","CT461",1
"Town","CT461",1
"Rural","CT461",1
"Metropolitan","CT462",1
"Town","CT462",1
"Rural","CT462",1
"Metropolitan","CT463",1
"Town","CT463",1
"Rural","CT463",1
"Metropolitan","CT464",1
"Town","CT464",1
"Rural","CT464",1
"Metropolitan","CT465",1
"Town","CT465",1
"Rural","CT465",1
"Metropolitan","CT466",1
"Town","CT466",1
"Rural","CT466",1
"Metropolitan","CT467",1
"Town","CT467",1
"Rural","CT467",1
"Metropolitan","CT468",1
"Town","CT468",1
"Rural","CT468",1
"Metropolitan","CT469",1
"Town","CT469",1
"Rural","CT469",1
"Metropolitan","CT470",1
"Town","CT470",1
"Rural","CT470",1
"Metropolitan","CT471",1
"Town","CT471",1
"Rural","CT471",1
"Metropolitan","CT472",1
"Town","CT472",1
"Rural","CT472",1
"Metropolitan","CT473",1
"Town","CT473",1
"Rural","CT473",1
"Metropolitan","CT474",1
"Town","CT474",1
"Rural","CT474",1
"Metropolitan","CT475",1
"Town","CT475",1
"Rural","CT475",1
"Metropolitan","CT476",1
"Town","CT476",1
"Rural","CT476",1
"Metropolitan","CT477",1
"Town","CT477",1
"Rural","CT477",1
"Metropolitan","CT478",1
"Town","CT478",1
"Rural","CT478",1
"Metropolitan","CT479",1
"Town","CT479",1
"Rural","CT479",1
"Metropolitan","CT480",1
"Town","CT480",1
"Rural","CT480",1
"Metropolitan","CT481",1
"Town","CT481",1
"Rural","CT481",1
"Metropolitan","CT482",1
"Town","CT482",1
"Rural","CT482",1
"Metropolitan","CT483",1
"Town","CT483",1
"Rural","CT483",1
"Metropolitan","CT484",1
"Town","CT484",1
"Rural","CT484",1
"Metropolitan","CT485",1
"Town","CT485",1
"Rural","CT485",1
"Metropolitan","CT486",1
"Town","CT486",1
"Rural","CT486",1
"Metropolitan","CT487",1
"Town","CT487",1
"Rural","CT487",1
"Metropolitan","CT488",1
"Town","CT488",1
"Rural","CT488",1
"Metropolitan","CT489",1
"Town","CT489",1
"Rural","CT489",1
"Metropolitan","CT490",1
"Town","CT490",1
"Rural","CT490",1
"Metropolitan","CT491",1
"Town","CT491",1
"Rural","CT491",1
"Metropolitan","CT492",1
"Town","CT492",1
"Rural","CT492",1
"Metropolitan","CT493",1
"Town","CT493",1
"Rural","CT493",1
"Metropolitan","CT494",1
"Town","CT494",1
"Rural","CT494",1
"Metropolitan","CT495",1
"Town","CT495",1
"Rural","CT495",1
"Metropolitan","CT496",1
"Town","CT496",1
"Rural","CT496",1
"Metropolitan","CT497",1
"Town","CT497",1
"Rural","CT497",1
"Metropolitan","CT498",1
"Town","CT498",1
"Rural","CT498",1
"Metropolitan","CT499",1
"Town","CT499",1
"Rural","CT499",1
"Metropolitan","CT500",1
"Town","CT500",1
"Rural","CT500",1
"Metropolitan","CT501",1
"Town","CT501",1
"Rural","CT501",1
"Metropolitan","CT502",1
"Town","CT502",1
"Rural","CT502",1
"Metropolitan","CT503",1
"Town","CT503",1
"Rural","CT503",1
"Metropolitan","CT504",1
"Town","CT504",1
"Rural","CT504",1
"Metropolitan","CT505",1
"Town","CT505",1
"Rural","CT505",1
"Metropolitan","CT506",1
"Town","CT506",1
"Rural","CT506",1
"Metropolitan","CT507",1
"Town","CT507",1
"Rural","CT507",1
"Metropolitan","CT508",1
"Town","CT508",1
"Rural","CT508",1
"Metropolitan","CT509",1
"Town","CT509",1
"Rural","CT509",1
"Metropolitan","CT510",1
"Town","CT510",1
"Rural","CT510",1
"Metropolitan","CT511",1
"Town","CT511",1
"Rural","CT511",1
"Metropolitan","CT512",1
"Town","CT512",1
"Rural","CT512",1
"Metropolitan","CT513",1
"Town","CT513",1
"Rural","CT513",1
"Metropolitan","CT514",1
"Town","CT514",1
"Rural","CT514",1
"Metropolitan","CT515",1
"Town","CT515",1
"Rural","CT515",1
"Metropolitan","CT516",1
"Town","CT516",1
"Rural","CT516",1
"Metropolitan","CT517",1
"Town","CT517",1
"Rural","CT517",1
"Metropolitan","CT518",1
"Town","CT518",1
"Rural","CT518",1
"Metropolitan","CT519",1
"Town","CT519",1
"Rural","CT519",1
"Metropolitan","CT520",1
"Town","CT520",1
"Rural","CT520",1
"Metropolitan","CT521",1
"Town","CT521",1
"Rural","CT521",1
"Metropolitan","CT522",1
"Town","CT522",1
"Rural","CT522",1
"Metropolitan","CT523",1
"Town","CT523",1
"Rural","CT523",1
"Metropolitan","CT524",1
"Town","CT524",1
"Rural","CT524",1
"Metropolitan","CT525",1
"Town","CT525",1
"Rural","CT525",1
"Metropolitan","CT526",1
"Town","CT526",1
"Rural","CT526",1
"Metropolitan","CT527",1
"Town","CT527",1
"Rural","CT527",1
"Metropolitan","CT528",1
"Town","CT528",1
"Rural","CT528",1
"Metropolitan","CT529",1
"Town","CT529",1
"Rural","CT529",1
"Metropolitan","CT530",1
"Town","CT530",1
"Rural","CT530",1
"Metropolitan","CT531",1
"Town","CT531",1
"Rural","CT531",1
"Metropolitan","CT532",1
"Town","CT532",1
"Rural","CT532",1
"Metropolitan","CT533",1
"Town","CT533",1
"Rural","CT533",1
"Metropolitan","CT534",1
"Town","CT534",1
"Rural","CT534",1
"Metropolitan","CT535",1
"Town","CT535",1
"Rural","CT535",1
"Metropolitan","CT536",1
"Town","CT536",1
"Rural","CT536",1
"Metropolitan","CT537",1
"Town","CT537",1
"Rural","CT537",1
"Metropolitan","CT538",1
"Town","CT538",1
"Rural","CT538",1
"Metropolitan","CT539",1
"Town","CT539",1
"Rural","CT539",1
"Metropolitan","CT540",1
"Town","CT540",1
"Rural","CT540",1
"Metropolitan","CT541",1
"Town","CT541",1
"Rural","CT541",1
"Metropolitan","CT542",1
"Town","CT542",1
"Rural","CT542",1
"Metropolitan","CT543",1
"Town","CT543",1
"Rural","CT543",1
"Metropolitan","CT544",1
"Town","CT544",1
"Rural","CT544",1
"Metropolitan","CT545",1
"Town","CT545",1
"Rural","CT545",1
"Metropolitan","CT546",1
"Town","CT546",1
"Rural","CT546",1
"Metropolitan","CT547",1
"Town","CT547",1
"Rural","CT547",1
"Metropolitan","CT548",1
"Town","CT548",1
"Rural","CT548",1
"Metropolitan","CT549",1
"Town","CT549",1
"Rural","CT549",1
"Metropolitan","CT550",1
"Town","CT550",1
"Rural","CT550",1
"Metropolitan","CT551",1
"Town","CT551",1
"Rural","CT551",1
"Metropolitan","CT552",1
"Town","CT552",1
"Rural","CT552",1
"Metropolitan","CT553",1
"Town","CT553",1
"Rural","CT553",1
"Metropolitan","CT554",1
"Town","CT554",1
"Rural","CT554",1
"Metropolitan","CT555",1
"Town","CT555",1
"Rural","CT555",1
"Metropolitan","CT556",1
"Town","CT556",1
"Rural","CT556",1
"Metropolitan","CT557",1
"Town","CT557",1
"Rural","CT557",1
"Metropolitan","CT558",1
"Town","CT558",1
"Rural","CT558",1
"Metropolitan","CT559",1
"Town","CT559",1
"Rural","CT559",1
"Metropolitan","CT560",1
"Town","CT560",1
"Rural","CT560",1
"Metropolitan","CT561",1
"Town","CT561",1
"Rural","CT561",1
"Metropolitan","CT562",1
"Town","CT562",1
"Rural","CT562",1
"Metropolitan","CT563",1
"Town","CT563",1
"Rural","CT563",1
"Metropolitan","CT564",1
"Town","CT564",1
"Rural","CT564",1
"Metropolitan","CT565",1
"Town","CT565",1
"Rural","CT565",1
"Metropolitan","CT566",1
"Town","CT566",1
"Rural","CT566",1
"Metropolitan","CT567",1
"Town","CT567",1
"Rural","CT567",1
"Metropolitan","CT568",1
"Town","CT568",1
"Rural","CT568",1
"Metropolitan","CT569",1
"Town","CT569",1
"Rural","CT569",1
"Metropolitan","CT570",1
"Town","CT570",1
"Rural","CT570",1
"Metropolitan","CT571",1
"Town","CT571",1
"Rural","CT571",1
"Metropolitan","CT572",1
"Town","CT572",1
"Rural","CT572",1
"Metropolitan","CT573",1
"Town","CT573",1
"Rural","CT573",1
"Metropolitan","CT574",1
"Town","CT574",1
"Rural","CT574",1
"Metropolitan","CT575",1
"Town","CT575",1
"Rural","CT575",1
"Metropolitan","CT576",1
"Town","CT576",1
"Rural","CT576",1
"Metropolitan","CT577",1
"Town","CT577",1
"Rural","CT577",1
"Metropolitan","CT578",1
"Town","CT578",1
"Rural","CT578",1
"Metropolitan","CT579",1
"Town","CT579",1
"Rural","CT579",1
"Metropolitan","CT580",1
"Town","CT580",1
"Rural","CT580",1
"Metropolitan","CT581",1
"Town","CT581",1
"Rural","CT581",1
"Metropolitan","CT582",1
"Town","CT582",1
"Rural","CT582",1
"Metropolitan","CT583",1
"Town","CT583",1
"Rural","CT583",1
"Metropolitan","CT584",1
"Town","CT584",1
"Rural","CT584",1
"Metropolitan","CT585",1
"Town","CT585",1
"Rural","CT585",1
"Metropolitan","CT586",1
"Town","CT586",1
"Rural","CT586",1
"Metropolitan","CT587",1
"Town","CT587",1
"Rural","CT587",1
"Metropolitan","CT588",1
"Town","CT588",1
"Rural","CT588",1
"Metropolitan","CT589",1
"Town","CT589",1
"Rural","CT589",1
"Metropolitan","CT590",1
"Town","CT590",1
"Rural","CT590",1
"Metropolitan","CT591",1
"Town","CT591",1
"Rural","CT591",1
"Metropolitan","CT592",1
"Town","CT592",1
"Rural","CT592",1
"Metropolitan","CT593",1
"Town","CT593",1
"Rural","CT593",1
"Metropolitan","CT594",1
"Town","CT594",1
"Rural","CT594",1
"Metropolitan","CT595",1
"Town","CT595",1
"Rural","CT595",1
"Metropolitan","CT596",1
"Town","CT596",1
"Rural","CT596",1
"Metropolitan","CT597",1
"Town","CT597",1
"Rural","CT597",1
"Metropolitan","CT598",1
"Town","CT598",1
"Rural","CT598",1
"Metropolitan","CT599",1
"Town","CT599",1
"Rural","CT599",1
"Metropolitan","CT600",1
"Town","CT600",1
"Rural","CT600",1
"Metropolitan","CT601",1
"Town","CT601",1
"Rural","CT601",1
"Metropolitan","CT602",1
"Town","CT602",1
"Rural","CT602",1
"Metropolitan","CT603",1
"Town","CT603",1
"Rural","CT603",1
"Metropolitan","CT604",1
"Town","CT604",1
"Rural","CT604",1
"Metropolitan","CT605",1
"Town","CT605",1
"Rural","CT605",1
"Metropolitan","CT606",1
"Town","CT606",1
"Rural","CT606",1
"Metropolitan","CT607",1
"Town","CT607",1
"Rural","CT607",1
"Metropolitan","CT608",1
"Town","CT608",1
"Rural","CT608",1
"Metropolitan","CT609",1
"Town","CT609",1
"Rural","CT609",1
"Metropolitan","CT610",1
"Town","CT610",1
"Rural","CT610",1
"Metropolitan","CT611",1
"Town","CT611",1
"Rural","CT611",1
"Metropolitan","CT612",1
"Town","CT612",1
"Rural","CT612",1
"Metropolitan","CT613",1
"Town","CT613",1
"Rural","CT613",1
"Metropolitan","CT614",1
"Town","CT614",1
"Rural","CT614",1
"Metropolitan","CT615",1
"Town","CT615",1
"Rural","CT615",1
"Metropolitan","CT616",1
"Town","CT616",1
"Rural","CT616",1
"Metropolitan","CT617",1
"Town","CT617",1
"Rural","CT617",1
"Metropolitan","CT618",1
"Town","CT618",1
"Rural","CT618",1
"Metropolitan","CT619",1
"Town","CT619",1
"Rural","CT619",1
"Metropolitan","CT620",1
"Town","CT620",1
"Rural","CT620",1
"Metropolitan","CT621",1
"Town","CT621",1
"Rural","CT621",1
"Metropolitan","CT622",1
"Town","CT622",1
"Rural","CT622",1
"Metropolitan","CT623",1
"Town","CT623",1
"Rural","CT623",1
"Metropolitan","CT624",1
"Town","CT624",1
"Rural","CT624",1
"Metropolitan","CT625",1
"Town","CT625",1
"Rural","CT625",1
"Metropolitan","CT626",1
"Town","CT626",1
"Rural","CT626",1
"Metropolitan","CT627",1
"Town","CT627",1
"Rural","CT627",1
"Metropolitan","CT628",1
"Town","CT628",1
"Rural","CT628",1
"Metropolitan","CT629",1
"Town","CT629",1
"Rural","CT629",1
"Metropolitan","CT630",1
"Town","CT630",1
"Rural","CT630",1
"Metropolitan","CT631",1
"Town","CT631",1
"Rural","CT631",1
"Metropolitan","CT632",1
"Town","CT632",1
"Rural","CT632",1
"Metropolitan","CT633",1
"Town","CT633",1
"Rural","CT633",1
"Metropolitan","CT634",1
"Town","CT634",1
"Rural","CT634",1
"Metropolitan","CT635",1
"Town","CT635",1
"Rural","CT635",1
"Metropolitan","CT636",1
"Town","CT636",1
"Rural","CT636",1
"Metropolitan","CT637",1
"Town","CT637",1
"Rural","CT637",1
"Metropolitan","CT638",1
"Town","CT638",1
"Rural","CT638",1
"Metropolitan","CT639",1
"Town","CT639",1
"Rural","CT639",1
"Metropolitan","CT640",1
"Town","CT640",1
"Rural","CT640",1
"Metropolitan","CT641",1
"Town","CT641",1
"Rural","CT641",1
"Metropolitan","CT642",1
"Town","CT642",1
"Rural","CT642",1
"Metropolitan","CT643",1
"Town","CT643",1
"Rural","CT643",1
"Metropolitan","CT644",1
"Town","CT644",1
"Rural","CT644",1
"Metropolitan","CT645",1
"Town","CT645",1
"Rural","CT645",1
"Metropolitan","CT646",1
"Town","CT646",1
"Rural","CT646",1
"Metropolitan","CT647",1
"Town","CT647",1
"Rural","CT647",1
"Metropolitan","CT648",1
"Town","CT648",1
"Rural","CT648",1
"Metropolitan","CT649",1
"Town","CT649",1
"Rural","CT649",1
"Metropolitan","CT650",1
"Town","CT650",1
"Rural","CT650",1
"Metropolitan","CT651",1
"Town","CT651",1
"Rural","CT651",1
"Metropolitan","CT652",1
"Town","CT652",1
"Rural","CT652",1
"Metropolitan","CT653",1
"Town","CT653",1
"Rural","CT653",1
"Metropolitan","CT654",1
"Town","CT654",1
"Rural","CT654",1
"Metropolitan","CT655",1
"Town","CT655",1
"Rural","CT655",1
"Metropolitan","CT656",1
"Town","CT656",1
"Rural","CT656",1
"Metropolitan","CT657",1
"Town","CT657",1
"Rural","CT657",1
"Metropolitan","CT658",1
"Town","CT658",1
"Rural","CT658",1
"Metropolitan","CT659",1
"Town","CT659",1
"Rural","CT659",1
"Metropolitan","CT660",1
"Town","CT660",1
"Rural","CT660",1
"Metropolitan","CT661",1
"Town","CT661",1
"Rural","CT661",1
"Metropolitan","CT662",1
"Town","CT662",1
"Rural","CT662",1
"Metropolitan","CT663",1
"Town","CT663",1
"Rural","CT663",1
"Metropolitan","CT664",1
"Town","CT664",1
"Rural","CT664",1
"Metropolitan","CT665",1
"Town","CT665",1
"Rural","CT665",1
"Metropolitan","CT666",1
"Town","CT666",1
"Rural","CT666",1
"Metropolitan","CT667",1
"Town","CT667",1
"Rural","CT667",1
"Metropolitan","CT668",1
"Town","CT668",1
"Rural","CT668",1
"Metropolitan","CT669",1
"Town","CT669",1
"Rural","CT669",1
"Metropolitan","CT670",1
"Town","CT670",1
"Rural","CT670",1
"Metropolitan","CT671",1
"Town","CT671",1
"Rural","CT671",1
"Metropolitan","CT672",1
"Town","CT672",1
"Rural","CT672",1
"Metropolitan","CT673",1
"Town","CT673",1
"Rural","CT673",1
"Metropolitan","CT674",1
"Town","CT674",1
"Rural","CT674",1
"Metropolitan","CT675",1
"Town","CT675",1
"Rural","CT675",1
"Metropolitan","CT676",1
"Town","CT676",1
"Rural","CT676",1
"Metropolitan","CT677",1
"Town","CT677",1
"Rural","CT677",1
"Metropolitan","CT678",1
"Town","CT678",1
"Rural","CT678",1
"Metropolitan","CT679",1
"Town","CT679",1
"Rural","CT679",1
"Metropolitan","CT680",1
"Town","CT680",1
"Rural","CT680",1
"Metropolitan","CT681",1
"Town","CT681",1
"Rural","CT681",1
"Metropolitan","CT682",1
"Town","CT682",1
"Rural","CT682",1
"Metropolitan","CT683",1
"Town","CT683",1
"Rural","CT683",1
"Metropolitan","CT684",1
"Town","CT684",1
"Rural","CT684",1
"Metropolitan","CT685",1
"Town","CT685",1
"Rural","CT685",1
"Metropolitan","CT686",1
"Town","CT686",1
"Rural","CT686",1
"Metropolitan","CT687",1
"Town","CT687",1
"Rural","CT687",1
"Metropolitan","CT688",1
"Town","CT688",1
"Rural","CT688",1
"Metropolitan","CT689",1
"Town","CT689",1
"Rural","CT689",1
"Metropolitan","CT690",1
"Town","CT690",1
"Rural","CT690",1
"Metropolitan","CT691",1
"Town","CT691",1
"Rural","CT691",1
"Metropolitan","CT692",1
"Town","CT692",1
"Rural","CT692",1
"Metropolitan","CT693",1
"Town","CT693",1
"Rural","CT693",1
"Metropolitan","CT694",1
"Town","CT694",1
"Rural","CT694",1
"Metropolitan","CT695",1
"Town","CT695",1
"Rural","CT695",1
"Metropolitan","CT696",1
"Town","CT696",1
"Rural","CT696",1
"Metropolitan","CT697",1
"Town","CT697",1
"Rural","CT697",1
"Metropolitan","CT698",1
"Town","CT698",1
"Rural","CT698",1
"Metropolitan","CT699",1
"Town","CT699",1
"Rural","CT699",1
"Metropolitan","CT700",1
"Town","CT700",1
"Rural","CT700",1
"Metropolitan","CT701",1
"Town","CT701",1
"Rural","CT701",1
"Metropolitan","CT702",1
"Town","CT702",1
"Rural","CT702",1
"Metropolitan","CT703",1
"Town","CT703",1
"Rural","CT703",1
"Metropolitan","CT704",1
"Town","CT704",1
"Rural","CT704",1
"Metropolitan","CT705",1
"Town","CT705",1
"Rural","CT705",1
"Metropolitan","CT706",1
"Town","CT706",1
"Rural","CT706",1
"Metropolitan","CT707",1
"Town","CT707",1
"Rural","CT707",1
"Metropolitan","CT708",1
"Town","CT708",1
"Rural","CT708",1
"Metropolitan","CT709",1
"Town","CT709",1
"Rural","CT709",1
"Metropolitan","CT710",1
"Town","CT710",1
"Rural","CT710",1
"Metropolitan","CT711",1
"Town","CT711",1
"Rural","CT711",1
"Metropolitan","CT712",1
"Town","CT712",1
"Rural","CT712",1
"Metropolitan","CT713",1
"Town","CT713",1
"Rural","CT713",1
"Metropolitan","CT714",1
"Town","CT714",1
"Rural","CT714",1
"Metropolitan","CT715",1
"Town","CT715",1
"Rural","CT715",1
"Metropolitan","CT716",1
"Town","CT716",1
"Rural","CT716",1
"Metropolitan","CT717",1
"Town","CT717",1
"Rural","CT717",1
"Metropolitan","CT718",1
"Town","CT718",1
"Rural","CT718",1
"Metropolitan","CT719",1
"Town","CT719",1
"Rural","CT719",1
"Metropolitan","CT720",1
"Town","CT720",1
"Rural","CT720",1
"Metropolitan","CT721",1
"Town","CT721",1
"Rural","CT721",1
"Metropolitan","CT722",1
"Town","CT722",1
"Rural","CT722",1
"Metropolitan","CT723",1
"Town","CT723",1
"Rural","CT723",1
"Metropolitan","CT724",1
"Town","CT724",1
"Rural","CT724",1
"Metropolitan","CT725",1
"Town","CT725",1
"Rural","CT725",1
"Metropolitan","CT726",1
"Town","CT726",1
"Rural","CT726",1
"Metropolitan","CT727",1
"Town","CT727",1
"Rural","CT727",1
"Metropolitan","CT728",1
"Town","CT728",1
"Rural","CT728",1
"Metropolitan","CT729",1
"Town","CT729",1
"Rural","CT729",1
"Metropolitan","CT730",1
"Town","CT730",1
"Rural","CT730",1
"Metropolitan","CT731",1
"Town","CT731",1
"Rural","CT731",1
"Metropolitan","CT732",1
"Town","CT732",1
"Rural","CT732",1
"Metropolitan","CT733",1
"Town","CT733",1
"Rural","CT733",1
"Metropolitan","CT734",1
"Town","CT734",1
"Rural","CT734",1
"Metropolitan","CT735",1
"Town","CT735",1
"Rural","CT735",1
"Metropolitan","CT736",1
"Town","CT736",1
"Rural","CT736",1
"Metropolitan","CT737",1
"Town","CT737",1
"Rural","CT737",1
"Metropolitan","CT738",1
"Town","CT738",1
"Rural","CT738",1
"Metropolitan","CT739",1
"Town","CT739",1
"Rural","CT739",1
"Metropolitan","CT740",1
"Town","CT740",1
"Rural","CT740",1
"Metropolitan","CT741",1
"Town","CT741",1
"Rural","CT741",1
"Metropolitan","CT742",1
"Town","CT742",1
"Rural","CT742",1
"Metropolitan","CT743",1
"Town","CT743",1
"Rural","CT743",1
"Metropolitan","CT744",1
"Town","CT744",1
"Rural","CT744",1
"Metropolitan","CT745",1
"Town","CT745",1
"Rural","CT745",1
"Metropolitan","CT746",1
"Town","CT746",1
"Rural","CT746",1
"Metropolitan","CT747",1
"Town","CT747",1
"Rural","CT747",1
"Metropolitan","CT748",1
"Town","CT748",1
"Rural","CT748",1
"Metropolitan","CT749",1
"Town","CT749",1
"Rural","CT749",1
"Metropolitan","CT750",1
"Town","CT750",1
"Rural","CT750",1
"Metropolitan","CT751",1
"Town","CT751",1
"Rural","CT751",1
"Metropolitan","CT752",1
"Town","CT752",1
"Rural","CT752",1
"Metropolitan","CT753",1
"Town","CT753",1
"Rural","CT753",1
"Metropolitan","CT754",1
"Town","CT754",1
"Rural","CT754",1
"Metropolitan","CT755",1
"Town","CT755",1
"Rural","CT755",1
"Metropolitan","CT756",1
"Town","CT756",1
"Rural","CT756",1
"Metropolitan","CT757",1
"Town","CT757",1
"Rural","CT757",1
"Metropolitan","CT758",1
"Town","CT758",1
"Rural","CT758",1
"Metropolitan","CT759",1
"Town","CT759",1
"Rural","CT759",1
"Metropolitan","CT760",1
"Town","CT760",1
"Rural","CT760",1
"Metropolitan","CT761",1
"Town","CT761",1
"Rural","CT761",1
"Metropolitan","CT762",1
"Town","CT762",1
"Rural","CT762",1
"Metropolitan","CT763",1
"Town","CT763",1
"Rural","CT763",1
"Metropolitan","CT764",1
"Town","CT764",1
"Rural","CT764",1
"Metropolitan","CT765",1
"Town","CT765",1
"Rural","CT765",1
"Metropolitan","CT766",1
"Town","CT766",1
"Rural","CT766",1
"Metropolitan","CT767",1
"Town","CT767",1
"Rural","CT767",1
"Metropolitan","CT768",1
"Town","CT768",1
"Rural","CT768",1
"Metropolitan","CT769",1
"Town","CT769",1
"Rural","CT769",1
"Metropolitan","CT770",1
"Town","CT770",1
"Rural","CT770",1
"Metropolitan","CT771",1
"Town","CT771",1
"Rural","CT771",1
"Metropolitan","CT772",1
"Town","CT772",1
"Rural","CT772",1
"Metropolitan","CT773",1
"Town","CT773",1
"Rural","CT773",1
"Metropolitan","CT774",1
"Town","CT774",1
"Rural","CT774",1
"Metropolitan","CT775",1
"Town","CT775",1
"Rural","CT775",1
"Metropolitan","CT776",1
"Town","CT776",1
"Rural","CT776",1
"Metropolitan","CT777",1
"Town","CT777",1
"Rural","CT777",1
"Metropolitan","CT778",1
"Town","CT778",1
"Rural","CT778",1
"Metropolitan","CT779",1
"Town","CT779",1
"Rural","CT779",1
"Metropolitan","CT780",1
"Town","CT780",1
"Rural","CT780",1
"Metropolitan","CT781",1
"Town","CT781",1
"Rural","CT781",1
"Metropolitan","CT782",1
"Town","CT782",1
"Rural","CT782",1
"Metropolitan","CT783",1
"Town","CT783",1
"Rural","CT783",1
"Metropolitan","CT784",1
"Town","CT784",1
"Rural","CT784",1
"Metropolitan","CT785",1
"Town","CT785",1
"Rural","CT785",1
"Metropolitan","CT786",1
"Town","CT786",1
"Rural","CT786",1
"Metropolitan","CT787",1
"Town","CT787",1
"Rural","CT787",1
"Metropolitan","CT788",1
"Town","CT788",1
"Rural","CT788",1
"Metropolitan","CT789",1
"Town","CT789",1
"Rural","CT789",1
"Metropolitan","CT790",1
"Town","CT790",1
"Rural","CT790",1
"Metropolitan","CT791",1
"Town","CT791",1
"Rural","CT791",1
"Metropolitan","CT792",1
"Town","CT792",1
"Rural","CT792",1
"Metropolitan","CT793",1
"Town","CT793",1
"Rural","CT793",1
"Metropolitan","CT794",1
"Town","CT794",1
"Rural","CT794",1
"Metropolitan","CT795",1
"Town","CT795",1
"Rural","CT795",1
"Metropolitan","CT796",1
"Town","CT796",1
"Rural","CT796",1
"Metropolitan","CT797",1
"Town","CT797",1
"Rural","CT797",1
"Metropolitan","CT798",1
"Town","CT798",1
"Rural","CT798",1
"Metropolitan","CT799",1
"Town","CT799",1
"Rural","CT799",1
"Metropolitan","CT800",1
"Town","CT800",1
"Rural","CT800",1
"Metropolitan","CT801",1
"Town","CT801",1
"Rural","CT801",1
"Metropolitan","CT802",1
"Town","CT802",1
"Rural","CT802",1
"Metropolitan","CT803",1
"Town","CT803",1
"Rural","CT803",1
"Metropolitan","CT804",1
"Town","CT804",1
"Rural","CT804",1
"Metropolitan","CT805",1
"Town","CT805",1
"Rural","CT805",1
"Metropolitan","CT806",1
"Town","CT806",1
"Rural","CT806",1
"Metropolitan","CT807",1
"Town","CT807",1
"Rural","CT807",1
"Metropolitan","CT808",1
"Town","CT808",1
"Rural","CT808",1
"Metropolitan","CT809",1
"Town","CT809",1
"Rural","CT809",1
"Metropolitan","CT810",1
"Town","CT810",1
"Rural","CT810",1
"Metropolitan","CT811",1
"Town","CT811",1
"Rural","CT811",1
"Metropolitan","CT812",1
"Town","CT812",1
"Rural","CT812",1
"Metropolitan","CT813",1
"Town","CT813",1
"Rural","CT813",1
"Metropolitan","CT814",1
"Town","CT814",1
"Rural","CT814",1
"Metropolitan","CT815",1
"Town","CT815",1
"Rural","CT815",1
"Metropolitan","CT816",1
"Town","CT816",1
"Rural","CT816",1
"Metropolitan","CT817",1
"Town","CT817",1
"Rural","CT817",1
"Metropolitan","CT818",1
"Town","CT818",1
"Rural","CT818",1
"Metropolitan","CT819",1
"Town","CT819",1
"Rural","CT819",1
"Metropolitan","CT820",1
"Town","CT820",1
"Rural","CT820",1
"Metropolitan","CT821",1
"Town","CT821",1
"Rural","CT821",1
"Metropolitan","CT822",1
"Town","CT822",1
"Rural","CT822",1
"Metropolitan","CT823",1
"Town","CT823",1
"Rural","CT823",1
"Metropolitan","CT824",1
"Town","CT824",1
"Rural","CT824",1
"Metropolitan","CT825",1
"Town","CT825",1
"Rural","CT825",1
"Metropolitan","CT826",1
"Town","CT826",1
"Rural","CT826",1
"Metropolitan","CT827",1
"Town","CT827",1
"Rural","CT827",1
"Metropolitan","CT828",1
"Town","CT828",1
"Rural","CT828",1
"Metropolitan","CT829",1
"Town","CT829",1
"Rural","CT829",1
"Metropolitan","CT830",1
"Town","CT830",1
"Rural","CT830",1
"Metropolitan","CT831",1
"Town","CT831",1
"Rural","CT831",1
"Metropolitan","CT832",1
"Town","CT832",1
"Rural","CT832",1
"Metropolitan","CT833",1
"Town","CT833",1
"Rural","CT833",1
"Metropolitan","CT834",1
"Town","CT834",1
"Rural","CT834",1
"Metropolitan","CT835",1
"Town","CT835",1
"Rural","CT835",1
"Metropolitan","CT836",1
"Town","CT836",1
"Rural","CT836",1
"Metropolitan","CT837",1
"Town","CT837",1
"Rural","CT837",1
"Metropolitan","CT838",1
"Town","CT838",1
"Rural","CT838",1
"Metropolitan","CT839",1
"Town","CT839",1
"Rural","CT839",1
"Metropolitan","CT840",1
"Town","CT840",1
"Rural","CT840",1
"Metropolitan","CT841",1
"Town","CT841",1
"Rural","CT841",1
"Metropolitan","CT842",1
"Town","CT842",1
"Rural","CT842",1
"Metropolitan","CT843",1
"Town","CT843",1
"Rural","CT843",1
"Metropolitan","CT844",1
"Town","CT844",1
"Rural","CT844",1
"Metropolitan","CT845",1
"Town","CT845",1
"Rural","CT845",1
"Metropolitan","CT846",1
"Town","CT846",1
"Rural","CT846",1
"Metropolitan","CT847",1
"Town","CT847",1
"Rural","CT847",1
"Metropolitan","CT848",1
"Town","CT848",1
"Rural","CT848",1
"Metropolitan","CT849",1
"Town","CT849",1
"Rural","CT849",1
"Metropolitan","CT850",1
"Town","CT850",1
"Rural","CT850",1
"Metropolitan","CT851",1
"Town","CT851",1
"Rural","CT851",1
"Metropolitan","CT852",1
"Town","CT852",1
"Rural","CT852",1
"Metropolitan","CT853",1
"Town","CT853",1
"Rural","CT853",1
"Metropolitan","CT854",1
"Town","CT854",1
"Rural","CT854",1
"Metropolitan","CT855",1
"Town","CT855",1
"Rural","CT855",1
"Metropolitan","CT856",1
"Town","CT856",1
"Rural","CT856",1
"Metropolitan","CT857",1
"Town","CT857",1
"Rural","CT857",1
"Metropolitan","CT858",1
"Town","CT858",1
"Rural","CT858",1
"Metropolitan","CT859",1
"Town","CT859",1
"Rural","CT859",1
"Metropolitan","CT860",1
"Town","CT860",1
"Rural","CT860",1
"Metropolitan","CT861",1
"Town","CT861",1
"Rural","CT861",1
"Metropolitan","CT862",1
"Town","CT862",1
"Rural","CT862",1
"Metropolitan","CT863",1
"Town","CT863",1
"Rural","CT863",1
"Metropolitan","CT864",1
"Town","CT864",1
"Rural","CT864",1
"Metropolitan","CT865",1
"Town","CT865",1
"Rural","CT865",1
"Metropolitan","CT866",1
"Town","CT866",1
"Rural","CT866",1
"Metropolitan","CT867",1
"Town","CT867",1
"Rural","CT867",1
"Metropolitan","CT868",1
"Town","CT868",1
"Rural","CT868",1
"Metropolitan","CT869",1
"Town","CT869",1
"Rural","CT869",1
"Metropolitan","CT870",1
"Town","CT870",1
"Rural","CT870",1
"Metropolitan","CT871",1
"Town","CT871",1
"Rural","CT871",1
"Metropolitan","CT872",1
"Town","CT872",1
"Rural","CT872",1
"Metropolitan","CT873",1
"Town","CT873",1
"Rural","CT873",1
"Metropolitan","CT874",1
"Town","CT874",1
"Rural","CT874",1
"Metropolitan","CT875",1
"Town","CT875",1
"Rural","CT875",1
"Metropolitan","CT876",1
"Town","CT876",1
"Rural","CT876",1
"Metropolitan","CT877",1
"Town","CT877",1
"Rural","CT877",1
"Metropolitan","CT878",1
"Town","CT878",1
"Rural","CT878",1
"Metropolitan","CT879",1
"Town","CT879",1
"Rural","CT879",1
"Metropolitan","CT880",1
"Town","CT880",1
"Rural","CT880",1
"Metropolitan","CT881",1
"Town","CT881",1
"Rural","CT881",1
"Metropolitan","CT882",1
"Town","CT882",1
"Rural","CT882",1
"Metropolitan","CT883",1
"Town","CT883",1
"Rural","CT883",1
"Metropolitan","CT884",1
"Town","CT884",1
"Rural","CT884",1
"Metropolitan","CT885",1
"Town","CT885",1
"Rural","CT885",1
"Metropolitan","CT886",1
"Town","CT886",1
"Rural","CT886",1
"Metropolitan","CT887",1
"Town","CT887",1
"Rural","CT887",1
"Metropolitan","CT888",1
"Town","CT888",1
"Rural","CT888",1
"Metropolitan","CT889",1
"Town","CT889",1
"Rural","CT889",1
"Metropolitan","CT890",1
"Town","CT890",1
"Rural","CT890",1
"Metropolitan","CT891",1
"Town","CT891",1
"Rural","CT891",1
"Metropolitan","CT892",1
"Town","CT892",1
"Rural","CT892",1
"Metropolitan","CT893",1
"Town","CT893",1
"Rural","CT893",1
"Metropolitan","CT894",1
"Town","CT894",1
"Rural","CT894",1
"Metropolitan","CT895",1
"Town","CT895",1
"Rural","CT895",1
"Metropolitan","CT896",1
"Town","CT896",1
"Rural","CT896",1
"Metropolitan","CT897",1
"Town","CT897",1
"Rural","CT897",1
"Metropolitan","CT898",1
"Town","CT898",1
"Rural","CT898",1
"Metropolitan","CT899",1
"Town","CT899",1
"Rural","CT899",1
"Metropolitan","CT900",1
"Town","CT900",1
"Rural","CT900",1
"Metropolitan","CT901",1
"Town","CT901",1
"Rural","CT901",1
"Metropolitan","CT902",1
"Town","CT902",1
"Rural","CT902",1
"Metropolitan","CT903",1
"Town","CT903",1
"Rural","CT903",1
"Metropolitan","CT904",1
"Town","CT904",1
"Rural","CT904",1
"Metropolitan","CT905",1
"Town","CT905",1
"Rural","CT905",1
"Metropolitan","CT906",1
"Town","CT906",1
"Rural","CT906",1
"Metropolitan","CT907",1
"Town","CT907",1
"Rural","CT907",1
"Metropolitan","CT908",1
"Town","CT908",1
"Rural","CT908",1
"Metropolitan","CT909",1
"Town","CT909",1
"Rural","CT909",1
"Metropolitan","CT910",1
"Town","CT910",1
"Rural","CT910",1
"Metropolitan","CT911",1
"Town","CT911",1
"Rural","CT911",1
"Metropolitan","CT912",1
"Town","CT912",1
"Rural","CT912",1
"Metropolitan","CT913",1
"Town","CT913",1
"Rural","CT913",1
"Metropolitan","CT914",1
"Town","CT914",1
"Rural","CT914",1
"Metropolitan","CT915",1
"Town","CT915",1
"Rural","CT915",1
"Metropolitan","CT916",1
"Town","CT916",1
"Rural","CT916",1
"Metropolitan","CT917",1
"Town","CT917",1
"Rural","CT917",1
"Metropolitan","CT918",1
"Town","CT918",1
"Rural","CT918",1
"Metropolitan","CT919",1
"Town","CT919",1
"Rural","CT919",1
"Metropolitan","CT920",1
"Town","CT920",1
"Rural","CT920",1
"Metropolitan","CT921",1
"Town","CT921",1
"Rural","CT921",1
"Metropolitan","CT922",1
"Town","CT922",1
"Rural","CT922",1
"Metropolitan","CT923",1
"Town","CT923",1
"Rural","CT923",1
"Metropolitan","CT924",1
"Town","CT924",1
"Rural","CT924",1
"Metropolitan","CT925",1
"Town","CT925",1
"Rural","CT925",1
"Metropolitan","CT926",1
"Town","CT926",1
"Rural","CT926",1
"Metropolitan","CT927",1
"Town","CT927",1
"Rural","CT927",1
"Metropolitan","CT928",1
"Town","CT928",1
"Rural","CT928",1
"Metropolitan","CT929",1
"Town","CT929",1
"Rural","CT929",1
"Metropolitan","CT930",1
"Town","CT930",1
"Rural","CT930",1
"Metropolitan","CT931",1
"Town","CT931",1
"Rural","CT931",1
"Metropolitan","CT932",1
"Town","CT932",1
"Rural","CT932",1
"Metropolitan","CT933",1
"Town","CT933",1
"Rural","CT933",1
"Metropolitan","CT934",1
"Town","CT934",1
"Rural","CT934",1
"Metropolitan","CT935",1
"Town","CT935",1
"Rural","CT935",1
"Metropolitan","CT936",1
"Town","CT936",1
"Rural","CT936",1
"Metropolitan","CT937",1
"Town","CT937",1
"Rural","CT937",1
"Metropolitan","CT938",1
"Town","CT938",1
"Rural","CT938",1
"Metropolitan","CT939",1
"Town","CT939",1
"Rural","CT939",1
"Metropolitan","CT940",1
"Town","CT940",1
"Rural","CT940",1
"Metropolitan","CT941",1
"Town","CT941",1
"Rural","CT941",1
"Metropolitan","CT942",1
"Town","CT942",1
"Rural","CT942",1
"Metropolitan","CT943",1
"Town","CT943",1
"Rural","CT943",1
"Metropolitan","CT944",1
"Town","CT944",1
"Rural","CT944",1
"Metropolitan","CT945",1
"Town","CT945",1
"Rural","CT945",1
"Metropolitan","CT946",1
"Town","CT946",1
"Rural","CT946",1
"Metropolitan","CT947",1
"Town","CT947",1
"Rural","CT947",1
"Metropolitan","CT948",1
"Town","CT948",1
"Rural","CT948",1
