District,Type,2005,2010,2038,2050
CT1,Metropolitan,1,1,1,1
CT1,Rural,1,1,1,1
CT1,Town,1,1,1,1
CT2,Metropolitan,1,1,1,1
CT2,Rural,1,1,1,1
CT2,Town,1,1,1,1
CT3,Metropolitan,1,1,1,1
CT3,Rural,1,1,1,1
CT3,Town,1,1,1,1
CT4,Metropolitan,1,1,1,1
CT4,Rural,1,1,1,1
CT4,Town,1,1,1,1
CT5,Metropolitan,1,1,1,1
CT5,Rural,1,1,1,1
CT5,Town,1,1,1,1
CT6,Metropolitan,1,1,1,1
CT6,Rural,1,1,1,1
CT6,Town,1,1,1,1
CT7,Metropolitan,1,1,1,1
CT7,Rural,1,1,1,1
CT7,Town,1,1,1,1
CT8,Metropolitan,1,1,1,1
CT8,Rural,1,1,1,1
CT8,Town,1,1,1,1
CT9,Metropolitan,1,1,1,1
CT9,Rural,1,1,1,1
CT9,Town,1,1,1,1
CT10,Metropolitan,1,1,1,1
CT10,Rural,1,1,1,1
CT10,Town,1,1,1,1
CT11,Metropolitan,1,1,1,1
CT11,Rural,1,1,1,1
CT11,Town,1,1,1,1
CT12,Metropolitan,1,1,1,1
CT12,Rural,1,1,1,1
CT12,Town,1,1,1,1
CT13,Metropolitan,1,1,1,1
CT13,Rural,1,1,1,1
CT13,Town,1,1,1,1
CT14,Metropolitan,1,1,1,1
CT14,Rural,1,1,1,1
CT14,Town,1,1,1,1
CT15,Metropolitan,1,1,1,1
CT15,Rural,1,1,1,1
CT15,Town,1,1,1,1
CT16,Metropolitan,1,1,1,1
CT16,Rural,1,1,1,1
CT16,Town,1,1,1,1
CT17,Metropolitan,1,1,1,1
CT17,Rural,1,1,1,1
CT17,Town,1,1,1,1
CT18,Metropolitan,1,1,1,1
CT18,Rural,1,1,1,1
CT18,Town,1,1,1,1
CT19,Metropolitan,1,1,1,1
CT19,Rural,1,1,1,1
CT19,Town,1,1,1,1
CT20,Metropolitan,1,1,1,1
CT20,Rural,1,1,1,1
CT20,Town,1,1,1,1
CT21,Metropolitan,1,1,1,1
CT21,Rural,1,1,1,1
CT21,Town,1,1,1,1
CT22,Metropolitan,1,1,1,1
CT22,Rural,1,1,1,1
CT22,Town,1,1,1,1
CT23,Metropolitan,1,1,1,1
CT23,Rural,1,1,1,1
CT23,Town,1,1,1,1
CT24,Metropolitan,1,1,1,1
CT24,Rural,1,1,1,1
CT24,Town,1,1,1,1
CT25,Metropolitan,1,1,1,1
CT25,Rural,1,1,1,1
CT25,Town,1,1,1,1
CT26,Metropolitan,1,1,1,1
CT26,Rural,1,1,1,1
CT26,Town,1,1,1,1
CT27,Metropolitan,1,1,1,1
CT27,Rural,1,1,1,1
CT27,Town,1,1,1,1
CT28,Metropolitan,1,1,1,1
CT28,Rural,1,1,1,1
CT28,Town,1,1,1,1
CT29,Metropolitan,1,1,1,1
CT29,Rural,1,1,1,1
CT29,Town,1,1,1,1
CT30,Metropolitan,1,1,1,1
CT30,Rural,1,1,1,1
CT30,Town,1,1,1,1
CT31,Metropolitan,1,1,1,1
CT31,Rural,1,1,1,1
CT31,Town,1,1,1,1
CT32,Metropolitan,1,1,1,1
CT32,Rural,1,1,1,1
CT32,Town,1,1,1,1
CT33,Metropolitan,1,1,1,1
CT33,Rural,1,1,1,1
CT33,Town,1,1,1,1
CT34,Metropolitan,1,1,1,1
CT34,Rural,1,1,1,1
CT34,Town,1,1,1,1
CT35,Metropolitan,1,1,1,1
CT35,Rural,1,1,1,1
CT35,Town,1,1,1,1
CT36,Metropolitan,1,1,1,1
CT36,Rural,1,1,1,1
CT36,Town,1,1,1,1
CT37,Metropolitan,1,1,1,1
CT37,Rural,1,1,1,1
CT37,Town,1,1,1,1
CT38,Metropolitan,1,1,1,1
CT38,Rural,1,1,1,1
CT38,Town,1,1,1,1
CT39,Metropolitan,1,1,1,1
CT39,Rural,1,1,1,1
CT39,Town,1,1,1,1
CT40,Metropolitan,1,1,1,1
CT40,Rural,1,1,1,1
CT40,Town,1,1,1,1
CT41,Metropolitan,1,1,1,1
CT41,Rural,1,1,1,1
CT41,Town,1,1,1,1
CT42,Metropolitan,1,1,1,1
CT42,Rural,1,1,1,1
CT42,Town,1,1,1,1
CT43,Metropolitan,1,1,1,1
CT43,Rural,1,1,1,1
CT43,Town,1,1,1,1
CT44,Metropolitan,1,1,1,1
CT44,Rural,1,1,1,1
CT44,Town,1,1,1,1
CT45,Metropolitan,1,1,1,1
CT45,Rural,1,1,1,1
CT45,Town,1,1,1,1
CT46,Metropolitan,1,1,1,1
CT46,Rural,1,1,1,1
CT46,Town,1,1,1,1
CT47,Metropolitan,1,1,1,1
CT47,Rural,1,1,1,1
CT47,Town,1,1,1,1
CT48,Metropolitan,1,1,1,1
CT48,Rural,1,1,1,1
CT48,Town,1,1,1,1
CT49,Metropolitan,1,1,1,1
CT49,Rural,1,1,1,1
CT49,Town,1,1,1,1
CT50,Metropolitan,1,1,1,1
CT50,Rural,1,1,1,1
CT50,Town,1,1,1,1
CT51,Metropolitan,1,1,1,1
CT51,Rural,1,1,1,1
CT51,Town,1,1,1,1
CT52,Metropolitan,1,1,1,1
CT52,Rural,1,1,1,1
CT52,Town,1,1,1,1
CT53,Metropolitan,1,1,1,1
CT53,Rural,1,1,1,1
CT53,Town,1,1,1,1
CT54,Metropolitan,1,1,1,1
CT54,Rural,1,1,1,1
CT54,Town,1,1,1,1
CT55,Metropolitan,1,1,1,1
CT55,Rural,1,1,1,1
CT55,Town,1,1,1,1
CT56,Metropolitan,1,1,1,1
CT56,Rural,1,1,1,1
CT56,Town,1,1,1,1
CT57,Metropolitan,1,1,1,1
CT57,Rural,1,1,1,1
CT57,Town,1,1,1,1
CT58,Metropolitan,1,1,1,1
CT58,Rural,1,1,1,1
CT58,Town,1,1,1,1
CT59,Metropolitan,1,1,1,1
CT59,Rural,1,1,1,1
CT59,Town,1,1,1,1
CT60,Metropolitan,1,1,1,1
CT60,Rural,1,1,1,1
CT60,Town,1,1,1,1
CT61,Metropolitan,1,1,1,1
CT61,Rural,1,1,1,1
CT61,Town,1,1,1,1
CT62,Metropolitan,1,1,1,1
CT62,Rural,1,1,1,1
CT62,Town,1,1,1,1
CT63,Metropolitan,1,1,1,1
CT63,Rural,1,1,1,1
CT63,Town,1,1,1,1
CT64,Metropolitan,1,1,1,1
CT64,Rural,1,1,1,1
CT64,Town,1,1,1,1
CT65,Metropolitan,1,1,1,1
CT65,Rural,1,1,1,1
CT65,Town,1,1,1,1
CT66,Metropolitan,1,1,1,1
CT66,Rural,1,1,1,1
CT66,Town,1,1,1,1
CT67,Metropolitan,1,1,1,1
CT67,Rural,1,1,1,1
CT67,Town,1,1,1,1
CT68,Metropolitan,1,1,1,1
CT68,Rural,1,1,1,1
CT68,Town,1,1,1,1
CT69,Metropolitan,1,1,1,1
CT69,Rural,1,1,1,1
CT69,Town,1,1,1,1
CT70,Metropolitan,1,1,1,1
CT70,Rural,1,1,1,1
CT70,Town,1,1,1,1
CT71,Metropolitan,1,1,1,1
CT71,Rural,1,1,1,1
CT71,Town,1,1,1,1
CT72,Metropolitan,1,1,1,1
CT72,Rural,1,1,1,1
CT72,Town,1,1,1,1
CT73,Metropolitan,1,1,1,1
CT73,Rural,1,1,1,1
CT73,Town,1,1,1,1
CT74,Metropolitan,1,1,1,1
CT74,Rural,1,1,1,1
CT74,Town,1,1,1,1
CT75,Metropolitan,1,1,1,1
CT75,Rural,1,1,1,1
CT75,Town,1,1,1,1
CT76,Metropolitan,1,1,1,1
CT76,Rural,1,1,1,1
CT76,Town,1,1,1,1
CT77,Metropolitan,1,1,1,1
CT77,Rural,1,1,1,1
CT77,Town,1,1,1,1
CT78,Metropolitan,1,1,1,1
CT78,Rural,1,1,1,1
CT78,Town,1,1,1,1
CT79,Metropolitan,1,1,1,1
CT79,Rural,1,1,1,1
CT79,Town,1,1,1,1
CT80,Metropolitan,1,1,1,1
CT80,Rural,1,1,1,1
CT80,Town,1,1,1,1
CT81,Metropolitan,1,1,1,1
CT81,Rural,1,1,1,1
CT81,Town,1,1,1,1
CT82,Metropolitan,1,1,1,1
CT82,Rural,1,1,1,1
CT82,Town,1,1,1,1
CT83,Metropolitan,1,1,1,1
CT83,Rural,1,1,1,1
CT83,Town,1,1,1,1
CT84,Metropolitan,1,1,1,1
CT84,Rural,1,1,1,1
CT84,Town,1,1,1,1
CT85,Metropolitan,1,1,1,1
CT85,Rural,1,1,1,1
CT85,Town,1,1,1,1
CT86,Metropolitan,1,1,1,1
CT86,Rural,1,1,1,1
CT86,Town,1,1,1,1
CT87,Metropolitan,1,1,1,1
CT87,Rural,1,1,1,1
CT87,Town,1,1,1,1
CT88,Metropolitan,1,1,1,1
CT88,Rural,1,1,1,1
CT88,Town,1,1,1,1
CT89,Metropolitan,1,1,1,1
CT89,Rural,1,1,1,1
CT89,Town,1,1,1,1
CT90,Metropolitan,1,1,1,1
CT90,Rural,1,1,1,1
CT90,Town,1,1,1,1
CT91,Metropolitan,1,1,1,1
CT91,Rural,1,1,1,1
CT91,Town,1,1,1,1
CT92,Metropolitan,1,1,1,1
CT92,Rural,1,1,1,1
CT92,Town,1,1,1,1
CT93,Metropolitan,1,1,1,1
CT93,Rural,1,1,1,1
CT93,Town,1,1,1,1
CT94,Metropolitan,1,1,1,1
CT94,Rural,1,1,1,1
CT94,Town,1,1,1,1
CT95,Metropolitan,1,1,1,1
CT95,Rural,1,1,1,1
CT95,Town,1,1,1,1
CT96,Metropolitan,1,1,1,1
CT96,Rural,1,1,1,1
CT96,Town,1,1,1,1
CT97,Metropolitan,1,1,1,1
CT97,Rural,1,1,1,1
CT97,Town,1,1,1,1
CT98,Metropolitan,1,1,1,1
CT98,Rural,1,1,1,1
CT98,Town,1,1,1,1
CT99,Metropolitan,1,1,1,1
CT99,Rural,1,1,1,1
CT99,Town,1,1,1,1
CT100,Metropolitan,1,1,1,1
CT100,Rural,1,1,1,1
CT100,Town,1,1,1,1
CT101,Metropolitan,1,1,1,1
CT101,Rural,1,1,1,1
CT101,Town,1,1,1,1
CT102,Metropolitan,1,1,1,1
CT102,Rural,1,1,1,1
CT102,Town,1,1,1,1
CT103,Metropolitan,1,1,1,1
CT103,Rural,1,1,1,1
CT103,Town,1,1,1,1
CT104,Metropolitan,1,1,1,1
CT104,Rural,1,1,1,1
CT104,Town,1,1,1,1
CT105,Metropolitan,1,1,1,1
CT105,Rural,1,1,1,1
CT105,Town,1,1,1,1
CT106,Metropolitan,1,1,1,1
CT106,Rural,1,1,1,1
CT106,Town,1,1,1,1
CT107,Metropolitan,1,1,1,1
CT107,Rural,1,1,1,1
CT107,Town,1,1,1,1
CT108,Metropolitan,1,1,1,1
CT108,Rural,1,1,1,1
CT108,Town,1,1,1,1
CT109,Metropolitan,1,1,1,1
CT109,Rural,1,1,1,1
CT109,Town,1,1,1,1
CT110,Metropolitan,1,1,1,1
CT110,Rural,1,1,1,1
CT110,Town,1,1,1,1
CT111,Metropolitan,1,1,1,1
CT111,Rural,1,1,1,1
CT111,Town,1,1,1,1
CT112,Metropolitan,1,1,1,1
CT112,Rural,1,1,1,1
CT112,Town,1,1,1,1
CT113,Metropolitan,1,1,1,1
CT113,Rural,1,1,1,1
CT113,Town,1,1,1,1
CT114,Metropolitan,1,1,1,1
CT114,Rural,1,1,1,1
CT114,Town,1,1,1,1
CT115,Metropolitan,1,1,1,1
CT115,Rural,1,1,1,1
CT115,Town,1,1,1,1
CT116,Metropolitan,1,1,1,1
CT116,Rural,1,1,1,1
CT116,Town,1,1,1,1
CT117,Metropolitan,1,1,1,1
CT117,Rural,1,1,1,1
CT117,Town,1,1,1,1
CT118,Metropolitan,1,1,1,1
CT118,Rural,1,1,1,1
CT118,Town,1,1,1,1
CT119,Metropolitan,1,1,1,1
CT119,Rural,1,1,1,1
CT119,Town,1,1,1,1
CT120,Metropolitan,1,1,1,1
CT120,Rural,1,1,1,1
CT120,Town,1,1,1,1
CT121,Metropolitan,1,1,1,1
CT121,Rural,1,1,1,1
CT121,Town,1,1,1,1
CT122,Metropolitan,1,1,1,1
CT122,Rural,1,1,1,1
CT122,Town,1,1,1,1
CT123,Metropolitan,1,1,1,1
CT123,Rural,1,1,1,1
CT123,Town,1,1,1,1
CT124,Metropolitan,1,1,1,1
CT124,Rural,1,1,1,1
CT124,Town,1,1,1,1
CT125,Metropolitan,1,1,1,1
CT125,Rural,1,1,1,1
CT125,Town,1,1,1,1
CT126,Metropolitan,1,1,1,1
CT126,Rural,1,1,1,1
CT126,Town,1,1,1,1
CT127,Metropolitan,1,1,1,1
CT127,Rural,1,1,1,1
CT127,Town,1,1,1,1
CT128,Metropolitan,1,1,1,1
CT128,Rural,1,1,1,1
CT128,Town,1,1,1,1
CT129,Metropolitan,1,1,1,1
CT129,Rural,1,1,1,1
CT129,Town,1,1,1,1
CT130,Metropolitan,1,1,1,1
CT130,Rural,1,1,1,1
CT130,Town,1,1,1,1
CT131,Metropolitan,1,1,1,1
CT131,Rural,1,1,1,1
CT131,Town,1,1,1,1
CT132,Metropolitan,1,1,1,1
CT132,Rural,1,1,1,1
CT132,Town,1,1,1,1
CT133,Metropolitan,1,1,1,1
CT133,Rural,1,1,1,1
CT133,Town,1,1,1,1
CT134,Metropolitan,1,1,1,1
CT134,Rural,1,1,1,1
CT134,Town,1,1,1,1
CT135,Metropolitan,1,1,1,1
CT135,Rural,1,1,1,1
CT135,Town,1,1,1,1
CT136,Metropolitan,1,1,1,1
CT136,Rural,1,1,1,1
CT136,Town,1,1,1,1
CT137,Metropolitan,1,1,1,1
CT137,Rural,1,1,1,1
CT137,Town,1,1,1,1
CT138,Metropolitan,1,1,1,1
CT138,Rural,1,1,1,1
CT138,Town,1,1,1,1
CT139,Metropolitan,1,1,1,1
CT139,Rural,1,1,1,1
CT139,Town,1,1,1,1
CT140,Metropolitan,1,1,1,1
CT140,Rural,1,1,1,1
CT140,Town,1,1,1,1
CT141,Metropolitan,1,1,1,1
CT141,Rural,1,1,1,1
CT141,Town,1,1,1,1
CT142,Metropolitan,1,1,1,1
CT142,Rural,1,1,1,1
CT142,Town,1,1,1,1
CT143,Metropolitan,1,1,1,1
CT143,Rural,1,1,1,1
CT143,Town,1,1,1,1
CT144,Metropolitan,1,1,1,1
CT144,Rural,1,1,1,1
CT144,Town,1,1,1,1
CT145,Metropolitan,1,1,1,1
CT145,Rural,1,1,1,1
CT145,Town,1,1,1,1
CT146,Metropolitan,1,1,1,1
CT146,Rural,1,1,1,1
CT146,Town,1,1,1,1
CT147,Metropolitan,1,1,1,1
CT147,Rural,1,1,1,1
CT147,Town,1,1,1,1
CT148,Metropolitan,1,1,1,1
CT148,Rural,1,1,1,1
CT148,Town,1,1,1,1
CT149,Metropolitan,1,1,1,1
CT149,Rural,1,1,1,1
CT149,Town,1,1,1,1
CT150,Metropolitan,1,1,1,1
CT150,Rural,1,1,1,1
CT150,Town,1,1,1,1
CT151,Metropolitan,1,1,1,1
CT151,Rural,1,1,1,1
CT151,Town,1,1,1,1
CT152,Metropolitan,1,1,1,1
CT152,Rural,1,1,1,1
CT152,Town,1,1,1,1
CT153,Metropolitan,1,1,1,1
CT153,Rural,1,1,1,1
CT153,Town,1,1,1,1
CT154,Metropolitan,1,1,1,1
CT154,Rural,1,1,1,1
CT154,Town,1,1,1,1
CT155,Metropolitan,1,1,1,1
CT155,Rural,1,1,1,1
CT155,Town,1,1,1,1
CT156,Metropolitan,1,1,1,1
CT156,Rural,1,1,1,1
CT156,Town,1,1,1,1
CT157,Metropolitan,1,1,1,1
CT157,Rural,1,1,1,1
CT157,Town,1,1,1,1
CT158,Metropolitan,1,1,1,1
CT158,Rural,1,1,1,1
CT158,Town,1,1,1,1
CT159,Metropolitan,1,1,1,1
CT159,Rural,1,1,1,1
CT159,Town,1,1,1,1
CT160,Metropolitan,1,1,1,1
CT160,Rural,1,1,1,1
CT160,Town,1,1,1,1
CT161,Metropolitan,1,1,1,1
CT161,Rural,1,1,1,1
CT161,Town,1,1,1,1
CT162,Metropolitan,1,1,1,1
CT162,Rural,1,1,1,1
CT162,Town,1,1,1,1
CT163,Metropolitan,1,1,1,1
CT163,Rural,1,1,1,1
CT163,Town,1,1,1,1
CT164,Metropolitan,1,1,1,1
CT164,Rural,1,1,1,1
CT164,Town,1,1,1,1
CT165,Metropolitan,1,1,1,1
CT165,Rural,1,1,1,1
CT165,Town,1,1,1,1
CT166,Metropolitan,1,1,1,1
CT166,Rural,1,1,1,1
CT166,Town,1,1,1,1
CT167,Metropolitan,1,1,1,1
CT167,Rural,1,1,1,1
CT167,Town,1,1,1,1
CT168,Metropolitan,1,1,1,1
CT168,Rural,1,1,1,1
CT168,Town,1,1,1,1
CT169,Metropolitan,1,1,1,1
CT169,Rural,1,1,1,1
CT169,Town,1,1,1,1
CT170,Metropolitan,1,1,1,1
CT170,Rural,1,1,1,1
CT170,Town,1,1,1,1
CT171,Metropolitan,1,1,1,1
CT171,Rural,1,1,1,1
CT171,Town,1,1,1,1
CT172,Metropolitan,1,1,1,1
CT172,Rural,1,1,1,1
CT172,Town,1,1,1,1
CT173,Metropolitan,1,1,1,1
CT173,Rural,1,1,1,1
CT173,Town,1,1,1,1
CT174,Metropolitan,1,1,1,1
CT174,Rural,1,1,1,1
CT174,Town,1,1,1,1
CT175,Metropolitan,1,1,1,1
CT175,Rural,1,1,1,1
CT175,Town,1,1,1,1
CT176,Metropolitan,1,1,1,1
CT176,Rural,1,1,1,1
CT176,Town,1,1,1,1
CT177,Metropolitan,1,1,1,1
CT177,Rural,1,1,1,1
CT177,Town,1,1,1,1
CT178,Metropolitan,1,1,1,1
CT178,Rural,1,1,1,1
CT178,Town,1,1,1,1
CT179,Metropolitan,1,1,1,1
CT179,Rural,1,1,1,1
CT179,Town,1,1,1,1
CT180,Metropolitan,1,1,1,1
CT180,Rural,1,1,1,1
CT180,Town,1,1,1,1
CT181,Metropolitan,1,1,1,1
CT181,Rural,1,1,1,1
CT181,Town,1,1,1,1
CT182,Metropolitan,1,1,1,1
CT182,Rural,1,1,1,1
CT182,Town,1,1,1,1
CT183,Metropolitan,1,1,1,1
CT183,Rural,1,1,1,1
CT183,Town,1,1,1,1
CT184,Metropolitan,1,1,1,1
CT184,Rural,1,1,1,1
CT184,Town,1,1,1,1
CT185,Metropolitan,1,1,1,1
CT185,Rural,1,1,1,1
CT185,Town,1,1,1,1
CT186,Metropolitan,1,1,1,1
CT186,Rural,1,1,1,1
CT186,Town,1,1,1,1
CT187,Metropolitan,1,1,1,1
CT187,Rural,1,1,1,1
CT187,Town,1,1,1,1
CT188,Metropolitan,1,1,1,1
CT188,Rural,1,1,1,1
CT188,Town,1,1,1,1
CT189,Metropolitan,1,1,1,1
CT189,Rural,1,1,1,1
CT189,Town,1,1,1,1
CT190,Metropolitan,1,1,1,1
CT190,Rural,1,1,1,1
CT190,Town,1,1,1,1
CT191,Metropolitan,1,1,1,1
CT191,Rural,1,1,1,1
CT191,Town,1,1,1,1
CT192,Metropolitan,1,1,1,1
CT192,Rural,1,1,1,1
CT192,Town,1,1,1,1
CT193,Metropolitan,1,1,1,1
CT193,Rural,1,1,1,1
CT193,Town,1,1,1,1
CT194,Metropolitan,1,1,1,1
CT194,Rural,1,1,1,1
CT194,Town,1,1,1,1
CT195,Metropolitan,1,1,1,1
CT195,Rural,1,1,1,1
CT195,Town,1,1,1,1
CT196,Metropolitan,1,1,1,1
CT196,Rural,1,1,1,1
CT196,Town,1,1,1,1
CT197,Metropolitan,1,1,1,1
CT197,Rural,1,1,1,1
CT197,Town,1,1,1,1
CT198,Metropolitan,1,1,1,1
CT198,Rural,1,1,1,1
CT198,Town,1,1,1,1
CT199,Metropolitan,1,1,1,1
CT199,Rural,1,1,1,1
CT199,Town,1,1,1,1
CT200,Metropolitan,1,1,1,1
CT200,Rural,1,1,1,1
CT200,Town,1,1,1,1
CT201,Metropolitan,1,1,1,1
CT201,Rural,1,1,1,1
CT201,Town,1,1,1,1
CT202,Metropolitan,1,1,1,1
CT202,Rural,1,1,1,1
CT202,Town,1,1,1,1
CT203,Metropolitan,1,1,1,1
CT203,Rural,1,1,1,1
CT203,Town,1,1,1,1
CT204,Metropolitan,1,1,1,1
CT204,Rural,1,1,1,1
CT204,Town,1,1,1,1
CT205,Metropolitan,1,1,1,1
CT205,Rural,1,1,1,1
CT205,Town,1,1,1,1
CT206,Metropolitan,1,1,1,1
CT206,Rural,1,1,1,1
CT206,Town,1,1,1,1
CT207,Metropolitan,1,1,1,1
CT207,Rural,1,1,1,1
CT207,Town,1,1,1,1
CT208,Metropolitan,1,1,1,1
CT208,Rural,1,1,1,1
CT208,Town,1,1,1,1
CT209,Metropolitan,1,1,1,1
CT209,Rural,1,1,1,1
CT209,Town,1,1,1,1
CT210,Metropolitan,1,1,1,1
CT210,Rural,1,1,1,1
CT210,Town,1,1,1,1
CT211,Metropolitan,1,1,1,1
CT211,Rural,1,1,1,1
CT211,Town,1,1,1,1
CT212,Metropolitan,1,1,1,1
CT212,Rural,1,1,1,1
CT212,Town,1,1,1,1
CT213,Metropolitan,1,1,1,1
CT213,Rural,1,1,1,1
CT213,Town,1,1,1,1
CT214,Metropolitan,1,1,1,1
CT214,Rural,1,1,1,1
CT214,Town,1,1,1,1
CT215,Metropolitan,1,1,1,1
CT215,Rural,1,1,1,1
CT215,Town,1,1,1,1
CT216,Metropolitan,1,1,1,1
CT216,Rural,1,1,1,1
CT216,Town,1,1,1,1
CT217,Metropolitan,1,1,1,1
CT217,Rural,1,1,1,1
CT217,Town,1,1,1,1
CT218,Metropolitan,1,1,1,1
CT218,Rural,1,1,1,1
CT218,Town,1,1,1,1
CT219,Metropolitan,1,1,1,1
CT219,Rural,1,1,1,1
CT219,Town,1,1,1,1
CT220,Metropolitan,1,1,1,1
CT220,Rural,1,1,1,1
CT220,Town,1,1,1,1
CT221,Metropolitan,1,1,1,1
CT221,Rural,1,1,1,1
CT221,Town,1,1,1,1
CT222,Metropolitan,1,1,1,1
CT222,Rural,1,1,1,1
CT222,Town,1,1,1,1
CT223,Metropolitan,1,1,1,1
CT223,Rural,1,1,1,1
CT223,Town,1,1,1,1
CT224,Metropolitan,1,1,1,1
CT224,Rural,1,1,1,1
CT224,Town,1,1,1,1
CT225,Metropolitan,1,1,1,1
CT225,Rural,1,1,1,1
CT225,Town,1,1,1,1
CT226,Metropolitan,1,1,1,1
CT226,Rural,1,1,1,1
CT226,Town,1,1,1,1
CT227,Metropolitan,1,1,1,1
CT227,Rural,1,1,1,1
CT227,Town,1,1,1,1
CT228,Metropolitan,1,1,1,1
CT228,Rural,1,1,1,1
CT228,Town,1,1,1,1
CT229,Metropolitan,1,1,1,1
CT229,Rural,1,1,1,1
CT229,Town,1,1,1,1
CT230,Metropolitan,1,1,1,1
CT230,Rural,1,1,1,1
CT230,Town,1,1,1,1
CT231,Metropolitan,1,1,1,1
CT231,Rural,1,1,1,1
CT231,Town,1,1,1,1
CT232,Metropolitan,1,1,1,1
CT232,Rural,1,1,1,1
CT232,Town,1,1,1,1
CT233,Metropolitan,1,1,1,1
CT233,Rural,1,1,1,1
CT233,Town,1,1,1,1
CT234,Metropolitan,1,1,1,1
CT234,Rural,1,1,1,1
CT234,Town,1,1,1,1
CT235,Metropolitan,1,1,1,1
CT235,Rural,1,1,1,1
CT235,Town,1,1,1,1
CT236,Metropolitan,1,1,1,1
CT236,Rural,1,1,1,1
CT236,Town,1,1,1,1
CT237,Metropolitan,1,1,1,1
CT237,Rural,1,1,1,1
CT237,Town,1,1,1,1
CT238,Metropolitan,1,1,1,1
CT238,Rural,1,1,1,1
CT238,Town,1,1,1,1
CT239,Metropolitan,1,1,1,1
CT239,Rural,1,1,1,1
CT239,Town,1,1,1,1
CT240,Metropolitan,1,1,1,1
CT240,Rural,1,1,1,1
CT240,Town,1,1,1,1
CT241,Metropolitan,1,1,1,1
CT241,Rural,1,1,1,1
CT241,Town,1,1,1,1
CT242,Metropolitan,1,1,1,1
CT242,Rural,1,1,1,1
CT242,Town,1,1,1,1
CT243,Metropolitan,1,1,1,1
CT243,Rural,1,1,1,1
CT243,Town,1,1,1,1
CT244,Metropolitan,1,1,1,1
CT244,Rural,1,1,1,1
CT244,Town,1,1,1,1
CT245,Metropolitan,1,1,1,1
CT245,Rural,1,1,1,1
CT245,Town,1,1,1,1
CT246,Metropolitan,1,1,1,1
CT246,Rural,1,1,1,1
CT246,Town,1,1,1,1
CT247,Metropolitan,1,1,1,1
CT247,Rural,1,1,1,1
CT247,Town,1,1,1,1
CT248,Metropolitan,1,1,1,1
CT248,Rural,1,1,1,1
CT248,Town,1,1,1,1
CT249,Metropolitan,1,1,1,1
CT249,Rural,1,1,1,1
CT249,Town,1,1,1,1
CT250,Metropolitan,1,1,1,1
CT250,Rural,1,1,1,1
CT250,Town,1,1,1,1
CT251,Metropolitan,1,1,1,1
CT251,Rural,1,1,1,1
CT251,Town,1,1,1,1
CT252,Metropolitan,1,1,1,1
CT252,Rural,1,1,1,1
CT252,Town,1,1,1,1
CT253,Metropolitan,1,1,1,1
CT253,Rural,1,1,1,1
CT253,Town,1,1,1,1
CT254,Metropolitan,1,1,1,1
CT254,Rural,1,1,1,1
CT254,Town,1,1,1,1
CT255,Metropolitan,1,1,1,1
CT255,Rural,1,1,1,1
CT255,Town,1,1,1,1
CT256,Metropolitan,1,1,1,1
CT256,Rural,1,1,1,1
CT256,Town,1,1,1,1
CT257,Metropolitan,1,1,1,1
CT257,Rural,1,1,1,1
CT257,Town,1,1,1,1
CT258,Metropolitan,1,1,1,1
CT258,Rural,1,1,1,1
CT258,Town,1,1,1,1
CT259,Metropolitan,1,1,1,1
CT259,Rural,1,1,1,1
CT259,Town,1,1,1,1
CT260,Metropolitan,1,1,1,1
CT260,Rural,1,1,1,1
CT260,Town,1,1,1,1
CT261,Metropolitan,1,1,1,1
CT261,Rural,1,1,1,1
CT261,Town,1,1,1,1
CT262,Metropolitan,1,1,1,1
CT262,Rural,1,1,1,1
CT262,Town,1,1,1,1
CT263,Metropolitan,1,1,1,1
CT263,Rural,1,1,1,1
CT263,Town,1,1,1,1
CT264,Metropolitan,1,1,1,1
CT264,Rural,1,1,1,1
CT264,Town,1,1,1,1
CT265,Metropolitan,1,1,1,1
CT265,Rural,1,1,1,1
CT265,Town,1,1,1,1
CT266,Metropolitan,1,1,1,1
CT266,Rural,1,1,1,1
CT266,Town,1,1,1,1
CT267,Metropolitan,1,1,1,1
CT267,Rural,1,1,1,1
CT267,Town,1,1,1,1
CT268,Metropolitan,1,1,1,1
CT268,Rural,1,1,1,1
CT268,Town,1,1,1,1
CT269,Metropolitan,1,1,1,1
CT269,Rural,1,1,1,1
CT269,Town,1,1,1,1
CT270,Metropolitan,1,1,1,1
CT270,Rural,1,1,1,1
CT270,Town,1,1,1,1
CT271,Metropolitan,1,1,1,1
CT271,Rural,1,1,1,1
CT271,Town,1,1,1,1
CT272,Metropolitan,1,1,1,1
CT272,Rural,1,1,1,1
CT272,Town,1,1,1,1
CT273,Metropolitan,1,1,1,1
CT273,Rural,1,1,1,1
CT273,Town,1,1,1,1
CT274,Metropolitan,1,1,1,1
CT274,Rural,1,1,1,1
CT274,Town,1,1,1,1
CT275,Metropolitan,1,1,1,1
CT275,Rural,1,1,1,1
CT275,Town,1,1,1,1
CT276,Metropolitan,1,1,1,1
CT276,Rural,1,1,1,1
CT276,Town,1,1,1,1
CT277,Metropolitan,1,1,1,1
CT277,Rural,1,1,1,1
CT277,Town,1,1,1,1
CT278,Metropolitan,1,1,1,1
CT278,Rural,1,1,1,1
CT278,Town,1,1,1,1
CT279,Metropolitan,1,1,1,1
CT279,Rural,1,1,1,1
CT279,Town,1,1,1,1
CT280,Metropolitan,1,1,1,1
CT280,Rural,1,1,1,1
CT280,Town,1,1,1,1
CT281,Metropolitan,1,1,1,1
CT281,Rural,1,1,1,1
CT281,Town,1,1,1,1
CT282,Metropolitan,1,1,1,1
CT282,Rural,1,1,1,1
CT282,Town,1,1,1,1
CT283,Metropolitan,1,1,1,1
CT283,Rural,1,1,1,1
CT283,Town,1,1,1,1
CT284,Metropolitan,1,1,1,1
CT284,Rural,1,1,1,1
CT284,Town,1,1,1,1
CT285,Metropolitan,1,1,1,1
CT285,Rural,1,1,1,1
CT285,Town,1,1,1,1
CT286,Metropolitan,1,1,1,1
CT286,Rural,1,1,1,1
CT286,Town,1,1,1,1
CT287,Metropolitan,1,1,1,1
CT287,Rural,1,1,1,1
CT287,Town,1,1,1,1
CT288,Metropolitan,1,1,1,1
CT288,Rural,1,1,1,1
CT288,Town,1,1,1,1
CT289,Metropolitan,1,1,1,1
CT289,Rural,1,1,1,1
CT289,Town,1,1,1,1
CT290,Metropolitan,1,1,1,1
CT290,Rural,1,1,1,1
CT290,Town,1,1,1,1
CT291,Metropolitan,1,1,1,1
CT291,Rural,1,1,1,1
CT291,Town,1,1,1,1
CT292,Metropolitan,1,1,1,1
CT292,Rural,1,1,1,1
CT292,Town,1,1,1,1
CT293,Metropolitan,1,1,1,1
CT293,Rural,1,1,1,1
CT293,Town,1,1,1,1
CT294,Metropolitan,1,1,1,1
CT294,Rural,1,1,1,1
CT294,Town,1,1,1,1
CT295,Metropolitan,1,1,1,1
CT295,Rural,1,1,1,1
CT295,Town,1,1,1,1
CT296,Metropolitan,1,1,1,1
CT296,Rural,1,1,1,1
CT296,Town,1,1,1,1
CT297,Metropolitan,1,1,1,1
CT297,Rural,1,1,1,1
CT297,Town,1,1,1,1
CT298,Metropolitan,1,1,1,1
CT298,Rural,1,1,1,1
CT298,Town,1,1,1,1
CT299,Metropolitan,1,1,1,1
CT299,Rural,1,1,1,1
CT299,Town,1,1,1,1
CT300,Metropolitan,1,1,1,1
CT300,Rural,1,1,1,1
CT300,Town,1,1,1,1
CT301,Metropolitan,1,1,1,1
CT301,Rural,1,1,1,1
CT301,Town,1,1,1,1
CT302,Metropolitan,1,1,1,1
CT302,Rural,1,1,1,1
CT302,Town,1,1,1,1
CT303,Metropolitan,1,1,1,1
CT303,Rural,1,1,1,1
CT303,Town,1,1,1,1
CT304,Metropolitan,1,1,1,1
CT304,Rural,1,1,1,1
CT304,Town,1,1,1,1
CT305,Metropolitan,1,1,1,1
CT305,Rural,1,1,1,1
CT305,Town,1,1,1,1
CT306,Metropolitan,1,1,1,1
CT306,Rural,1,1,1,1
CT306,Town,1,1,1,1
CT307,Metropolitan,1,1,1,1
CT307,Rural,1,1,1,1
CT307,Town,1,1,1,1
CT308,Metropolitan,1,1,1,1
CT308,Rural,1,1,1,1
CT308,Town,1,1,1,1
CT309,Metropolitan,1,1,1,1
CT309,Rural,1,1,1,1
CT309,Town,1,1,1,1
CT310,Metropolitan,1,1,1,1
CT310,Rural,1,1,1,1
CT310,Town,1,1,1,1
CT311,Metropolitan,1,1,1,1
CT311,Rural,1,1,1,1
CT311,Town,1,1,1,1
CT312,Metropolitan,1,1,1,1
CT312,Rural,1,1,1,1
CT312,Town,1,1,1,1
CT313,Metropolitan,1,1,1,1
CT313,Rural,1,1,1,1
CT313,Town,1,1,1,1
CT314,Metropolitan,1,1,1,1
CT314,Rural,1,1,1,1
CT314,Town,1,1,1,1
CT315,Metropolitan,1,1,1,1
CT315,Rural,1,1,1,1
CT315,Town,1,1,1,1
CT316,Metropolitan,1,1,1,1
CT316,Rural,1,1,1,1
CT316,Town,1,1,1,1
CT317,Metropolitan,1,1,1,1
CT317,Rural,1,1,1,1
CT317,Town,1,1,1,1
CT318,Metropolitan,1,1,1,1
CT318,Rural,1,1,1,1
CT318,Town,1,1,1,1
CT319,Metropolitan,1,1,1,1
CT319,Rural,1,1,1,1
CT319,Town,1,1,1,1
CT320,Metropolitan,1,1,1,1
CT320,Rural,1,1,1,1
CT320,Town,1,1,1,1
CT321,Metropolitan,1,1,1,1
CT321,Rural,1,1,1,1
CT321,Town,1,1,1,1
CT322,Metropolitan,1,1,1,1
CT322,Rural,1,1,1,1
CT322,Town,1,1,1,1
CT323,Metropolitan,1,1,1,1
CT323,Rural,1,1,1,1
CT323,Town,1,1,1,1
CT324,Metropolitan,1,1,1,1
CT324,Rural,1,1,1,1
CT324,Town,1,1,1,1
CT325,Metropolitan,1,1,1,1
CT325,Rural,1,1,1,1
CT325,Town,1,1,1,1
CT326,Metropolitan,1,1,1,1
CT326,Rural,1,1,1,1
CT326,Town,1,1,1,1
CT327,Metropolitan,1,1,1,1
CT327,Rural,1,1,1,1
CT327,Town,1,1,1,1
CT328,Metropolitan,1,1,1,1
CT328,Rural,1,1,1,1
CT328,Town,1,1,1,1
CT329,Metropolitan,1,1,1,1
CT329,Rural,1,1,1,1
CT329,Town,1,1,1,1
CT330,Metropolitan,1,1,1,1
CT330,Rural,1,1,1,1
CT330,Town,1,1,1,1
CT331,Metropolitan,1,1,1,1
CT331,Rural,1,1,1,1
CT331,Town,1,1,1,1
CT332,Metropolitan,1,1,1,1
CT332,Rural,1,1,1,1
CT332,Town,1,1,1,1
CT333,Metropolitan,1,1,1,1
CT333,Rural,1,1,1,1
CT333,Town,1,1,1,1
CT334,Metropolitan,1,1,1,1
CT334,Rural,1,1,1,1
CT334,Town,1,1,1,1
CT335,Metropolitan,1,1,1,1
CT335,Rural,1,1,1,1
CT335,Town,1,1,1,1
CT336,Metropolitan,1,1,1,1
CT336,Rural,1,1,1,1
CT336,Town,1,1,1,1
CT337,Metropolitan,1,1,1,1
CT337,Rural,1,1,1,1
CT337,Town,1,1,1,1
CT338,Metropolitan,1,1,1,1
CT338,Rural,1,1,1,1
CT338,Town,1,1,1,1
CT339,Metropolitan,1,1,1,1
CT339,Rural,1,1,1,1
CT339,Town,1,1,1,1
CT340,Metropolitan,1,1,1,1
CT340,Rural,1,1,1,1
CT340,Town,1,1,1,1
CT341,Metropolitan,1,1,1,1
CT341,Rural,1,1,1,1
CT341,Town,1,1,1,1
CT342,Metropolitan,1,1,1,1
CT342,Rural,1,1,1,1
CT342,Town,1,1,1,1
CT343,Metropolitan,1,1,1,1
CT343,Rural,1,1,1,1
CT343,Town,1,1,1,1
CT344,Metropolitan,1,1,1,1
CT344,Rural,1,1,1,1
CT344,Town,1,1,1,1
CT345,Metropolitan,1,1,1,1
CT345,Rural,1,1,1,1
CT345,Town,1,1,1,1
CT346,Metropolitan,1,1,1,1
CT346,Rural,1,1,1,1
CT346,Town,1,1,1,1
CT347,Metropolitan,1,1,1,1
CT347,Rural,1,1,1,1
CT347,Town,1,1,1,1
CT348,Metropolitan,1,1,1,1
CT348,Rural,1,1,1,1
CT348,Town,1,1,1,1
CT349,Metropolitan,1,1,1,1
CT349,Rural,1,1,1,1
CT349,Town,1,1,1,1
CT350,Metropolitan,1,1,1,1
CT350,Rural,1,1,1,1
CT350,Town,1,1,1,1
CT351,Metropolitan,1,1,1,1
CT351,Rural,1,1,1,1
CT351,Town,1,1,1,1
CT352,Metropolitan,1,1,1,1
CT352,Rural,1,1,1,1
CT352,Town,1,1,1,1
CT353,Metropolitan,1,1,1,1
CT353,Rural,1,1,1,1
CT353,Town,1,1,1,1
CT354,Metropolitan,1,1,1,1
CT354,Rural,1,1,1,1
CT354,Town,1,1,1,1
CT355,Metropolitan,1,1,1,1
CT355,Rural,1,1,1,1
CT355,Town,1,1,1,1
CT356,Metropolitan,1,1,1,1
CT356,Rural,1,1,1,1
CT356,Town,1,1,1,1
CT357,Metropolitan,1,1,1,1
CT357,Rural,1,1,1,1
CT357,Town,1,1,1,1
CT358,Metropolitan,1,1,1,1
CT358,Rural,1,1,1,1
CT358,Town,1,1,1,1
CT359,Metropolitan,1,1,1,1
CT359,Rural,1,1,1,1
CT359,Town,1,1,1,1
CT360,Metropolitan,1,1,1,1
CT360,Rural,1,1,1,1
CT360,Town,1,1,1,1
CT361,Metropolitan,1,1,1,1
CT361,Rural,1,1,1,1
CT361,Town,1,1,1,1
CT362,Metropolitan,1,1,1,1
CT362,Rural,1,1,1,1
CT362,Town,1,1,1,1
CT363,Metropolitan,1,1,1,1
CT363,Rural,1,1,1,1
CT363,Town,1,1,1,1
CT364,Metropolitan,1,1,1,1
CT364,Rural,1,1,1,1
CT364,Town,1,1,1,1
CT365,Metropolitan,1,1,1,1
CT365,Rural,1,1,1,1
CT365,Town,1,1,1,1
CT366,Metropolitan,1,1,1,1
CT366,Rural,1,1,1,1
CT366,Town,1,1,1,1
CT367,Metropolitan,1,1,1,1
CT367,Rural,1,1,1,1
CT367,Town,1,1,1,1
CT368,Metropolitan,1,1,1,1
CT368,Rural,1,1,1,1
CT368,Town,1,1,1,1
CT369,Metropolitan,1,1,1,1
CT369,Rural,1,1,1,1
CT369,Town,1,1,1,1
CT370,Metropolitan,1,1,1,1
CT370,Rural,1,1,1,1
CT370,Town,1,1,1,1
CT371,Metropolitan,1,1,1,1
CT371,Rural,1,1,1,1
CT371,Town,1,1,1,1
CT372,Metropolitan,1,1,1,1
CT372,Rural,1,1,1,1
CT372,Town,1,1,1,1
CT373,Metropolitan,1,1,1,1
CT373,Rural,1,1,1,1
CT373,Town,1,1,1,1
CT374,Metropolitan,1,1,1,1
CT374,Rural,1,1,1,1
CT374,Town,1,1,1,1
CT375,Metropolitan,1,1,1,1
CT375,Rural,1,1,1,1
CT375,Town,1,1,1,1
CT376,Metropolitan,1,1,1,1
CT376,Rural,1,1,1,1
CT376,Town,1,1,1,1
CT377,Metropolitan,1,1,1,1
CT377,Rural,1,1,1,1
CT377,Town,1,1,1,1
CT378,Metropolitan,1,1,1,1
CT378,Rural,1,1,1,1
CT378,Town,1,1,1,1
CT379,Metropolitan,1,1,1,1
CT379,Rural,1,1,1,1
CT379,Town,1,1,1,1
CT380,Metropolitan,1,1,1,1
CT380,Rural,1,1,1,1
CT380,Town,1,1,1,1
CT381,Metropolitan,1,1,1,1
CT381,Rural,1,1,1,1
CT381,Town,1,1,1,1
CT382,Metropolitan,1,1,1,1
CT382,Rural,1,1,1,1
CT382,Town,1,1,1,1
CT383,Metropolitan,1,1,1,1
CT383,Rural,1,1,1,1
CT383,Town,1,1,1,1
CT384,Metropolitan,1,1,1,1
CT384,Rural,1,1,1,1
CT384,Town,1,1,1,1
CT385,Metropolitan,1,1,1,1
CT385,Rural,1,1,1,1
CT385,Town,1,1,1,1
CT386,Metropolitan,1,1,1,1
CT386,Rural,1,1,1,1
CT386,Town,1,1,1,1
CT387,Metropolitan,1,1,1,1
CT387,Rural,1,1,1,1
CT387,Town,1,1,1,1
CT388,Metropolitan,1,1,1,1
CT388,Rural,1,1,1,1
CT388,Town,1,1,1,1
CT389,Metropolitan,1,1,1,1
CT389,Rural,1,1,1,1
CT389,Town,1,1,1,1
CT390,Metropolitan,1,1,1,1
CT390,Rural,1,1,1,1
CT390,Town,1,1,1,1
CT391,Metropolitan,1,1,1,1
CT391,Rural,1,1,1,1
CT391,Town,1,1,1,1
CT392,Metropolitan,1,1,1,1
CT392,Rural,1,1,1,1
CT392,Town,1,1,1,1
CT393,Metropolitan,1,1,1,1
CT393,Rural,1,1,1,1
CT393,Town,1,1,1,1
CT394,Metropolitan,1,1,1,1
CT394,Rural,1,1,1,1
CT394,Town,1,1,1,1
CT395,Metropolitan,1,1,1,1
CT395,Rural,1,1,1,1
CT395,Town,1,1,1,1
CT396,Metropolitan,1,1,1,1
CT396,Rural,1,1,1,1
CT396,Town,1,1,1,1
CT397,Metropolitan,1,1,1,1
CT397,Rural,1,1,1,1
CT397,Town,1,1,1,1
CT398,Metropolitan,1,1,1,1
CT398,Rural,1,1,1,1
CT398,Town,1,1,1,1
CT399,Metropolitan,1,1,1,1
CT399,Rural,1,1,1,1
CT399,Town,1,1,1,1
CT400,Metropolitan,1,1,1,1
CT400,Rural,1,1,1,1
CT400,Town,1,1,1,1
CT401,Metropolitan,1,1,1,1
CT401,Rural,1,1,1,1
CT401,Town,1,1,1,1
CT402,Metropolitan,1,1,1,1
CT402,Rural,1,1,1,1
CT402,Town,1,1,1,1
CT403,Metropolitan,1,1,1,1
CT403,Rural,1,1,1,1
CT403,Town,1,1,1,1
CT404,Metropolitan,1,1,1,1
CT404,Rural,1,1,1,1
CT404,Town,1,1,1,1
CT405,Metropolitan,1,1,1,1
CT405,Rural,1,1,1,1
CT405,Town,1,1,1,1
CT406,Metropolitan,1,1,1,1
CT406,Rural,1,1,1,1
CT406,Town,1,1,1,1
CT407,Metropolitan,1,1,1,1
CT407,Rural,1,1,1,1
CT407,Town,1,1,1,1
CT408,Metropolitan,1,1,1,1
CT408,Rural,1,1,1,1
CT408,Town,1,1,1,1
CT409,Metropolitan,1,1,1,1
CT409,Rural,1,1,1,1
CT409,Town,1,1,1,1
CT410,Metropolitan,1,1,1,1
CT410,Rural,1,1,1,1
CT410,Town,1,1,1,1
CT411,Metropolitan,1,1,1,1
CT411,Rural,1,1,1,1
CT411,Town,1,1,1,1
CT412,Metropolitan,1,1,1,1
CT412,Rural,1,1,1,1
CT412,Town,1,1,1,1
CT413,Metropolitan,1,1,1,1
CT413,Rural,1,1,1,1
CT413,Town,1,1,1,1
CT414,Metropolitan,1,1,1,1
CT414,Rural,1,1,1,1
CT414,Town,1,1,1,1
CT415,Metropolitan,1,1,1,1
CT415,Rural,1,1,1,1
CT415,Town,1,1,1,1
CT416,Metropolitan,1,1,1,1
CT416,Rural,1,1,1,1
CT416,Town,1,1,1,1
CT417,Metropolitan,1,1,1,1
CT417,Rural,1,1,1,1
CT417,Town,1,1,1,1
CT418,Metropolitan,1,1,1,1
CT418,Rural,1,1,1,1
CT418,Town,1,1,1,1
CT419,Metropolitan,1,1,1,1
CT419,Rural,1,1,1,1
CT419,Town,1,1,1,1
CT420,Metropolitan,1,1,1,1
CT420,Rural,1,1,1,1
CT420,Town,1,1,1,1
CT421,Metropolitan,1,1,1,1
CT421,Rural,1,1,1,1
CT421,Town,1,1,1,1
CT422,Metropolitan,1,1,1,1
CT422,Rural,1,1,1,1
CT422,Town,1,1,1,1
CT423,Metropolitan,1,1,1,1
CT423,Rural,1,1,1,1
CT423,Town,1,1,1,1
CT424,Metropolitan,1,1,1,1
CT424,Rural,1,1,1,1
CT424,Town,1,1,1,1
CT425,Metropolitan,1,1,1,1
CT425,Rural,1,1,1,1
CT425,Town,1,1,1,1
CT426,Metropolitan,1,1,1,1
CT426,Rural,1,1,1,1
CT426,Town,1,1,1,1
CT427,Metropolitan,1,1,1,1
CT427,Rural,1,1,1,1
CT427,Town,1,1,1,1
CT428,Metropolitan,1,1,1,1
CT428,Rural,1,1,1,1
CT428,Town,1,1,1,1
CT429,Metropolitan,1,1,1,1
CT429,Rural,1,1,1,1
CT429,Town,1,1,1,1
CT430,Metropolitan,1,1,1,1
CT430,Rural,1,1,1,1
CT430,Town,1,1,1,1
CT431,Metropolitan,1,1,1,1
CT431,Rural,1,1,1,1
CT431,Town,1,1,1,1
CT432,Metropolitan,1,1,1,1
CT432,Rural,1,1,1,1
CT432,Town,1,1,1,1
CT433,Metropolitan,1,1,1,1
CT433,Rural,1,1,1,1
CT433,Town,1,1,1,1
CT434,Metropolitan,1,1,1,1
CT434,Rural,1,1,1,1
CT434,Town,1,1,1,1
CT435,Metropolitan,1,1,1,1
CT435,Rural,1,1,1,1
CT435,Town,1,1,1,1
CT436,Metropolitan,1,1,1,1
CT436,Rural,1,1,1,1
CT436,Town,1,1,1,1
CT437,Metropolitan,1,1,1,1
CT437,Rural,1,1,1,1
CT437,Town,1,1,1,1
CT438,Metropolitan,1,1,1,1
CT438,Rural,1,1,1,1
CT438,Town,1,1,1,1
CT439,Metropolitan,1,1,1,1
CT439,Rural,1,1,1,1
CT439,Town,1,1,1,1
CT440,Metropolitan,1,1,1,1
CT440,Rural,1,1,1,1
CT440,Town,1,1,1,1
CT441,Metropolitan,1,1,1,1
CT441,Rural,1,1,1,1
CT441,Town,1,1,1,1
CT442,Metropolitan,1,1,1,1
CT442,Rural,1,1,1,1
CT442,Town,1,1,1,1
CT443,Metropolitan,1,1,1,1
CT443,Rural,1,1,1,1
CT443,Town,1,1,1,1
CT444,Metropolitan,1,1,1,1
CT444,Rural,1,1,1,1
CT444,Town,1,1,1,1
CT445,Metropolitan,1,1,1,1
CT445,Rural,1,1,1,1
CT445,Town,1,1,1,1
CT446,Metropolitan,1,1,1,1
CT446,Rural,1,1,1,1
CT446,Town,1,1,1,1
CT447,Metropolitan,1,1,1,1
CT447,Rural,1,1,1,1
CT447,Town,1,1,1,1
CT448,Metropolitan,1,1,1,1
CT448,Rural,1,1,1,1
CT448,Town,1,1,1,1
CT449,Metropolitan,1,1,1,1
CT449,Rural,1,1,1,1
CT449,Town,1,1,1,1
CT450,Metropolitan,1,1,1,1
CT450,Rural,1,1,1,1
CT450,Town,1,1,1,1
CT451,Metropolitan,1,1,1,1
CT451,Rural,1,1,1,1
CT451,Town,1,1,1,1
CT452,Metropolitan,1,1,1,1
CT452,Rural,1,1,1,1
CT452,Town,1,1,1,1
CT453,Metropolitan,1,1,1,1
CT453,Rural,1,1,1,1
CT453,Town,1,1,1,1
CT454,Metropolitan,1,1,1,1
CT454,Rural,1,1,1,1
CT454,Town,1,1,1,1
CT455,Metropolitan,1,1,1,1
CT455,Rural,1,1,1,1
CT455,Town,1,1,1,1
CT456,Metropolitan,1,1,1,1
CT456,Rural,1,1,1,1
CT456,Town,1,1,1,1
CT457,Metropolitan,1,1,1,1
CT457,Rural,1,1,1,1
CT457,Town,1,1,1,1
CT458,Metropolitan,1,1,1,1
CT458,Rural,1,1,1,1
CT458,Town,1,1,1,1
CT459,Metropolitan,1,1,1,1
CT459,Rural,1,1,1,1
CT459,Town,1,1,1,1
CT460,Metropolitan,1,1,1,1
CT460,Rural,1,1,1,1
CT460,Town,1,1,1,1
CT461,Metropolitan,1,1,1,1
CT461,Rural,1,1,1,1
CT461,Town,1,1,1,1
CT462,Metropolitan,1,1,1,1
CT462,Rural,1,1,1,1
CT462,Town,1,1,1,1
CT463,Metropolitan,1,1,1,1
CT463,Rural,1,1,1,1
CT463,Town,1,1,1,1
CT464,Metropolitan,1,1,1,1
CT464,Rural,1,1,1,1
CT464,Town,1,1,1,1
CT465,Metropolitan,1,1,1,1
CT465,Rural,1,1,1,1
CT465,Town,1,1,1,1
CT466,Metropolitan,1,1,1,1
CT466,Rural,1,1,1,1
CT466,Town,1,1,1,1
CT467,Metropolitan,1,1,1,1
CT467,Rural,1,1,1,1
CT467,Town,1,1,1,1
CT468,Metropolitan,1,1,1,1
CT468,Rural,1,1,1,1
CT468,Town,1,1,1,1
CT469,Metropolitan,1,1,1,1
CT469,Rural,1,1,1,1
CT469,Town,1,1,1,1
CT470,Metropolitan,1,1,1,1
CT470,Rural,1,1,1,1
CT470,Town,1,1,1,1
CT471,Metropolitan,1,1,1,1
CT471,Rural,1,1,1,1
CT471,Town,1,1,1,1
CT472,Metropolitan,1,1,1,1
CT472,Rural,1,1,1,1
CT472,Town,1,1,1,1
CT473,Metropolitan,1,1,1,1
CT473,Rural,1,1,1,1
CT473,Town,1,1,1,1
CT474,Metropolitan,1,1,1,1
CT474,Rural,1,1,1,1
CT474,Town,1,1,1,1
CT475,Metropolitan,1,1,1,1
CT475,Rural,1,1,1,1
CT475,Town,1,1,1,1
CT476,Metropolitan,1,1,1,1
CT476,Rural,1,1,1,1
CT476,Town,1,1,1,1
CT477,Metropolitan,1,1,1,1
CT477,Rural,1,1,1,1
CT477,Town,1,1,1,1
CT478,Metropolitan,1,1,1,1
CT478,Rural,1,1,1,1
CT478,Town,1,1,1,1
CT479,Metropolitan,1,1,1,1
CT479,Rural,1,1,1,1
CT479,Town,1,1,1,1
CT480,Metropolitan,1,1,1,1
CT480,Rural,1,1,1,1
CT480,Town,1,1,1,1
CT481,Metropolitan,1,1,1,1
CT481,Rural,1,1,1,1
CT481,Town,1,1,1,1
CT482,Metropolitan,1,1,1,1
CT482,Rural,1,1,1,1
CT482,Town,1,1,1,1
CT483,Metropolitan,1,1,1,1
CT483,Rural,1,1,1,1
CT483,Town,1,1,1,1
CT484,Metropolitan,1,1,1,1
CT484,Rural,1,1,1,1
CT484,Town,1,1,1,1
CT485,Metropolitan,1,1,1,1
CT485,Rural,1,1,1,1
CT485,Town,1,1,1,1
CT486,Metropolitan,1,1,1,1
CT486,Rural,1,1,1,1
CT486,Town,1,1,1,1
CT487,Metropolitan,1,1,1,1
CT487,Rural,1,1,1,1
CT487,Town,1,1,1,1
CT488,Metropolitan,1,1,1,1
CT488,Rural,1,1,1,1
CT488,Town,1,1,1,1
CT489,Metropolitan,1,1,1,1
CT489,Rural,1,1,1,1
CT489,Town,1,1,1,1
CT490,Metropolitan,1,1,1,1
CT490,Rural,1,1,1,1
CT490,Town,1,1,1,1
CT491,Metropolitan,1,1,1,1
CT491,Rural,1,1,1,1
CT491,Town,1,1,1,1
CT492,Metropolitan,1,1,1,1
CT492,Rural,1,1,1,1
CT492,Town,1,1,1,1
CT493,Metropolitan,1,1,1,1
CT493,Rural,1,1,1,1
CT493,Town,1,1,1,1
CT494,Metropolitan,1,1,1,1
CT494,Rural,1,1,1,1
CT494,Town,1,1,1,1
CT495,Metropolitan,1,1,1,1
CT495,Rural,1,1,1,1
CT495,Town,1,1,1,1
CT496,Metropolitan,1,1,1,1
CT496,Rural,1,1,1,1
CT496,Town,1,1,1,1
CT497,Metropolitan,1,1,1,1
CT497,Rural,1,1,1,1
CT497,Town,1,1,1,1
CT498,Metropolitan,1,1,1,1
CT498,Rural,1,1,1,1
CT498,Town,1,1,1,1
CT499,Metropolitan,1,1,1,1
CT499,Rural,1,1,1,1
CT499,Town,1,1,1,1
CT500,Metropolitan,1,1,1,1
CT500,Rural,1,1,1,1
CT500,Town,1,1,1,1
CT501,Metropolitan,1,1,1,1
CT501,Rural,1,1,1,1
CT501,Town,1,1,1,1
CT502,Metropolitan,1,1,1,1
CT502,Rural,1,1,1,1
CT502,Town,1,1,1,1
CT503,Metropolitan,1,1,1,1
CT503,Rural,1,1,1,1
CT503,Town,1,1,1,1
CT504,Metropolitan,1,1,1,1
CT504,Rural,1,1,1,1
CT504,Town,1,1,1,1
CT505,Metropolitan,1,1,1,1
CT505,Rural,1,1,1,1
CT505,Town,1,1,1,1
CT506,Metropolitan,1,1,1,1
CT506,Rural,1,1,1,1
CT506,Town,1,1,1,1
CT507,Metropolitan,1,1,1,1
CT507,Rural,1,1,1,1
CT507,Town,1,1,1,1
CT508,Metropolitan,1,1,1,1
CT508,Rural,1,1,1,1
CT508,Town,1,1,1,1
CT509,Metropolitan,1,1,1,1
CT509,Rural,1,1,1,1
CT509,Town,1,1,1,1
CT510,Metropolitan,1,1,1,1
CT510,Rural,1,1,1,1
CT510,Town,1,1,1,1
CT511,Metropolitan,1,1,1,1
CT511,Rural,1,1,1,1
CT511,Town,1,1,1,1
CT512,Metropolitan,1,1,1,1
CT512,Rural,1,1,1,1
CT512,Town,1,1,1,1
CT513,Metropolitan,1,1,1,1
CT513,Rural,1,1,1,1
CT513,Town,1,1,1,1
CT514,Metropolitan,1,1,1,1
CT514,Rural,1,1,1,1
CT514,Town,1,1,1,1
CT515,Metropolitan,1,1,1,1
CT515,Rural,1,1,1,1
CT515,Town,1,1,1,1
CT516,Metropolitan,1,1,1,1
CT516,Rural,1,1,1,1
CT516,Town,1,1,1,1
CT517,Metropolitan,1,1,1,1
CT517,Rural,1,1,1,1
CT517,Town,1,1,1,1
CT518,Metropolitan,1,1,1,1
CT518,Rural,1,1,1,1
CT518,Town,1,1,1,1
CT519,Metropolitan,1,1,1,1
CT519,Rural,1,1,1,1
CT519,Town,1,1,1,1
CT520,Metropolitan,1,1,1,1
CT520,Rural,1,1,1,1
CT520,Town,1,1,1,1
CT521,Metropolitan,1,1,1,1
CT521,Rural,1,1,1,1
CT521,Town,1,1,1,1
CT522,Metropolitan,1,1,1,1
CT522,Rural,1,1,1,1
CT522,Town,1,1,1,1
CT523,Metropolitan,1,1,1,1
CT523,Rural,1,1,1,1
CT523,Town,1,1,1,1
CT524,Metropolitan,1,1,1,1
CT524,Rural,1,1,1,1
CT524,Town,1,1,1,1
CT525,Metropolitan,1,1,1,1
CT525,Rural,1,1,1,1
CT525,Town,1,1,1,1
CT526,Metropolitan,1,1,1,1
CT526,Rural,1,1,1,1
CT526,Town,1,1,1,1
CT527,Metropolitan,1,1,1,1
CT527,Rural,1,1,1,1
CT527,Town,1,1,1,1
CT528,Metropolitan,1,1,1,1
CT528,Rural,1,1,1,1
CT528,Town,1,1,1,1
CT529,Metropolitan,1,1,1,1
CT529,Rural,1,1,1,1
CT529,Town,1,1,1,1
CT530,Metropolitan,1,1,1,1
CT530,Rural,1,1,1,1
CT530,Town,1,1,1,1
CT531,Metropolitan,1,1,1,1
CT531,Rural,1,1,1,1
CT531,Town,1,1,1,1
CT532,Metropolitan,1,1,1,1
CT532,Rural,1,1,1,1
CT532,Town,1,1,1,1
CT533,Metropolitan,1,1,1,1
CT533,Rural,1,1,1,1
CT533,Town,1,1,1,1
CT534,Metropolitan,1,1,1,1
CT534,Rural,1,1,1,1
CT534,Town,1,1,1,1
CT535,Metropolitan,1,1,1,1
CT535,Rural,1,1,1,1
CT535,Town,1,1,1,1
CT536,Metropolitan,1,1,1,1
CT536,Rural,1,1,1,1
CT536,Town,1,1,1,1
CT537,Metropolitan,1,1,1,1
CT537,Rural,1,1,1,1
CT537,Town,1,1,1,1
CT538,Metropolitan,1,1,1,1
CT538,Rural,1,1,1,1
CT538,Town,1,1,1,1
CT539,Metropolitan,1,1,1,1
CT539,Rural,1,1,1,1
CT539,Town,1,1,1,1
CT540,Metropolitan,1,1,1,1
CT540,Rural,1,1,1,1
CT540,Town,1,1,1,1
CT541,Metropolitan,1,1,1,1
CT541,Rural,1,1,1,1
CT541,Town,1,1,1,1
CT542,Metropolitan,1,1,1,1
CT542,Rural,1,1,1,1
CT542,Town,1,1,1,1
CT543,Metropolitan,1,1,1,1
CT543,Rural,1,1,1,1
CT543,Town,1,1,1,1
CT544,Metropolitan,1,1,1,1
CT544,Rural,1,1,1,1
CT544,Town,1,1,1,1
CT545,Metropolitan,1,1,1,1
CT545,Rural,1,1,1,1
CT545,Town,1,1,1,1
CT546,Metropolitan,1,1,1,1
CT546,Rural,1,1,1,1
CT546,Town,1,1,1,1
CT547,Metropolitan,1,1,1,1
CT547,Rural,1,1,1,1
CT547,Town,1,1,1,1
CT548,Metropolitan,1,1,1,1
CT548,Rural,1,1,1,1
CT548,Town,1,1,1,1
CT549,Metropolitan,1,1,1,1
CT549,Rural,1,1,1,1
CT549,Town,1,1,1,1
CT550,Metropolitan,1,1,1,1
CT550,Rural,1,1,1,1
CT550,Town,1,1,1,1
CT551,Metropolitan,1,1,1,1
CT551,Rural,1,1,1,1
CT551,Town,1,1,1,1
CT552,Metropolitan,1,1,1,1
CT552,Rural,1,1,1,1
CT552,Town,1,1,1,1
CT553,Metropolitan,1,1,1,1
CT553,Rural,1,1,1,1
CT553,Town,1,1,1,1
CT554,Metropolitan,1,1,1,1
CT554,Rural,1,1,1,1
CT554,Town,1,1,1,1
CT555,Metropolitan,1,1,1,1
CT555,Rural,1,1,1,1
CT555,Town,1,1,1,1
CT556,Metropolitan,1,1,1,1
CT556,Rural,1,1,1,1
CT556,Town,1,1,1,1
CT557,Metropolitan,1,1,1,1
CT557,Rural,1,1,1,1
CT557,Town,1,1,1,1
CT558,Metropolitan,1,1,1,1
CT558,Rural,1,1,1,1
CT558,Town,1,1,1,1
CT559,Metropolitan,1,1,1,1
CT559,Rural,1,1,1,1
CT559,Town,1,1,1,1
CT560,Metropolitan,1,1,1,1
CT560,Rural,1,1,1,1
CT560,Town,1,1,1,1
CT561,Metropolitan,1,1,1,1
CT561,Rural,1,1,1,1
CT561,Town,1,1,1,1
CT562,Metropolitan,1,1,1,1
CT562,Rural,1,1,1,1
CT562,Town,1,1,1,1
CT563,Metropolitan,1,1,1,1
CT563,Rural,1,1,1,1
CT563,Town,1,1,1,1
CT564,Metropolitan,1,1,1,1
CT564,Rural,1,1,1,1
CT564,Town,1,1,1,1
CT565,Metropolitan,1,1,1,1
CT565,Rural,1,1,1,1
CT565,Town,1,1,1,1
CT566,Metropolitan,1,1,1,1
CT566,Rural,1,1,1,1
CT566,Town,1,1,1,1
CT567,Metropolitan,1,1,1,1
CT567,Rural,1,1,1,1
CT567,Town,1,1,1,1
CT568,Metropolitan,1,1,1,1
CT568,Rural,1,1,1,1
CT568,Town,1,1,1,1
CT569,Metropolitan,1,1,1,1
CT569,Rural,1,1,1,1
CT569,Town,1,1,1,1
CT570,Metropolitan,1,1,1,1
CT570,Rural,1,1,1,1
CT570,Town,1,1,1,1
CT571,Metropolitan,1,1,1,1
CT571,Rural,1,1,1,1
CT571,Town,1,1,1,1
CT572,Metropolitan,1,1,1,1
CT572,Rural,1,1,1,1
CT572,Town,1,1,1,1
CT573,Metropolitan,1,1,1,1
CT573,Rural,1,1,1,1
CT573,Town,1,1,1,1
CT574,Metropolitan,1,1,1,1
CT574,Rural,1,1,1,1
CT574,Town,1,1,1,1
CT575,Metropolitan,1,1,1,1
CT575,Rural,1,1,1,1
CT575,Town,1,1,1,1
CT576,Metropolitan,1,1,1,1
CT576,Rural,1,1,1,1
CT576,Town,1,1,1,1
CT577,Metropolitan,1,1,1,1
CT577,Rural,1,1,1,1
CT577,Town,1,1,1,1
CT578,Metropolitan,1,1,1,1
CT578,Rural,1,1,1,1
CT578,Town,1,1,1,1
CT579,Metropolitan,1,1,1,1
CT579,Rural,1,1,1,1
CT579,Town,1,1,1,1
CT580,Metropolitan,1,1,1,1
CT580,Rural,1,1,1,1
CT580,Town,1,1,1,1
CT581,Metropolitan,1,1,1,1
CT581,Rural,1,1,1,1
CT581,Town,1,1,1,1
CT582,Metropolitan,1,1,1,1
CT582,Rural,1,1,1,1
CT582,Town,1,1,1,1
CT583,Metropolitan,1,1,1,1
CT583,Rural,1,1,1,1
CT583,Town,1,1,1,1
CT584,Metropolitan,1,1,1,1
CT584,Rural,1,1,1,1
CT584,Town,1,1,1,1
CT585,Metropolitan,1,1,1,1
CT585,Rural,1,1,1,1
CT585,Town,1,1,1,1
CT586,Metropolitan,1,1,1,1
CT586,Rural,1,1,1,1
CT586,Town,1,1,1,1
CT587,Metropolitan,1,1,1,1
CT587,Rural,1,1,1,1
CT587,Town,1,1,1,1
CT588,Metropolitan,1,1,1,1
CT588,Rural,1,1,1,1
CT588,Town,1,1,1,1
CT589,Metropolitan,1,1,1,1
CT589,Rural,1,1,1,1
CT589,Town,1,1,1,1
CT590,Metropolitan,1,1,1,1
CT590,Rural,1,1,1,1
CT590,Town,1,1,1,1
CT591,Metropolitan,1,1,1,1
CT591,Rural,1,1,1,1
CT591,Town,1,1,1,1
CT592,Metropolitan,1,1,1,1
CT592,Rural,1,1,1,1
CT592,Town,1,1,1,1
CT593,Metropolitan,1,1,1,1
CT593,Rural,1,1,1,1
CT593,Town,1,1,1,1
CT594,Metropolitan,1,1,1,1
CT594,Rural,1,1,1,1
CT594,Town,1,1,1,1
CT595,Metropolitan,1,1,1,1
CT595,Rural,1,1,1,1
CT595,Town,1,1,1,1
CT596,Metropolitan,1,1,1,1
CT596,Rural,1,1,1,1
CT596,Town,1,1,1,1
CT597,Metropolitan,1,1,1,1
CT597,Rural,1,1,1,1
CT597,Town,1,1,1,1
CT598,Metropolitan,1,1,1,1
CT598,Rural,1,1,1,1
CT598,Town,1,1,1,1
CT599,Metropolitan,1,1,1,1
CT599,Rural,1,1,1,1
CT599,Town,1,1,1,1
CT600,Metropolitan,1,1,1,1
CT600,Rural,1,1,1,1
CT600,Town,1,1,1,1
CT601,Metropolitan,1,1,1,1
CT601,Rural,1,1,1,1
CT601,Town,1,1,1,1
CT602,Metropolitan,1,1,1,1
CT602,Rural,1,1,1,1
CT602,Town,1,1,1,1
CT603,Metropolitan,1,1,1,1
CT603,Rural,1,1,1,1
CT603,Town,1,1,1,1
CT604,Metropolitan,1,1,1,1
CT604,Rural,1,1,1,1
CT604,Town,1,1,1,1
CT605,Metropolitan,1,1,1,1
CT605,Rural,1,1,1,1
CT605,Town,1,1,1,1
CT606,Metropolitan,1,1,1,1
CT606,Rural,1,1,1,1
CT606,Town,1,1,1,1
CT607,Metropolitan,1,1,1,1
CT607,Rural,1,1,1,1
CT607,Town,1,1,1,1
CT608,Metropolitan,1,1,1,1
CT608,Rural,1,1,1,1
CT608,Town,1,1,1,1
CT609,Metropolitan,1,1,1,1
CT609,Rural,1,1,1,1
CT609,Town,1,1,1,1
CT610,Metropolitan,1,1,1,1
CT610,Rural,1,1,1,1
CT610,Town,1,1,1,1
CT611,Metropolitan,1,1,1,1
CT611,Rural,1,1,1,1
CT611,Town,1,1,1,1
CT612,Metropolitan,1,1,1,1
CT612,Rural,1,1,1,1
CT612,Town,1,1,1,1
CT613,Metropolitan,1,1,1,1
CT613,Rural,1,1,1,1
CT613,Town,1,1,1,1
CT614,Metropolitan,1,1,1,1
CT614,Rural,1,1,1,1
CT614,Town,1,1,1,1
CT615,Metropolitan,1,1,1,1
CT615,Rural,1,1,1,1
CT615,Town,1,1,1,1
CT616,Metropolitan,1,1,1,1
CT616,Rural,1,1,1,1
CT616,Town,1,1,1,1
CT617,Metropolitan,1,1,1,1
CT617,Rural,1,1,1,1
CT617,Town,1,1,1,1
CT618,Metropolitan,1,1,1,1
CT618,Rural,1,1,1,1
CT618,Town,1,1,1,1
CT619,Metropolitan,1,1,1,1
CT619,Rural,1,1,1,1
CT619,Town,1,1,1,1
CT620,Metropolitan,1,1,1,1
CT620,Rural,1,1,1,1
CT620,Town,1,1,1,1
CT621,Metropolitan,1,1,1,1
CT621,Rural,1,1,1,1
CT621,Town,1,1,1,1
CT622,Metropolitan,1,1,1,1
CT622,Rural,1,1,1,1
CT622,Town,1,1,1,1
CT623,Metropolitan,1,1,1,1
CT623,Rural,1,1,1,1
CT623,Town,1,1,1,1
CT624,Metropolitan,1,1,1,1
CT624,Rural,1,1,1,1
CT624,Town,1,1,1,1
CT625,Metropolitan,1,1,1,1
CT625,Rural,1,1,1,1
CT625,Town,1,1,1,1
CT626,Metropolitan,1,1,1,1
CT626,Rural,1,1,1,1
CT626,Town,1,1,1,1
CT627,Metropolitan,1,1,1,1
CT627,Rural,1,1,1,1
CT627,Town,1,1,1,1
CT628,Metropolitan,1,1,1,1
CT628,Rural,1,1,1,1
CT628,Town,1,1,1,1
CT629,Metropolitan,1,1,1,1
CT629,Rural,1,1,1,1
CT629,Town,1,1,1,1
CT630,Metropolitan,1,1,1,1
CT630,Rural,1,1,1,1
CT630,Town,1,1,1,1
CT631,Metropolitan,1,1,1,1
CT631,Rural,1,1,1,1
CT631,Town,1,1,1,1
CT632,Metropolitan,1,1,1,1
CT632,Rural,1,1,1,1
CT632,Town,1,1,1,1
CT633,Metropolitan,1,1,1,1
CT633,Rural,1,1,1,1
CT633,Town,1,1,1,1
CT634,Metropolitan,1,1,1,1
CT634,Rural,1,1,1,1
CT634,Town,1,1,1,1
CT635,Metropolitan,1,1,1,1
CT635,Rural,1,1,1,1
CT635,Town,1,1,1,1
CT636,Metropolitan,1,1,1,1
CT636,Rural,1,1,1,1
CT636,Town,1,1,1,1
CT637,Metropolitan,1,1,1,1
CT637,Rural,1,1,1,1
CT637,Town,1,1,1,1
CT638,Metropolitan,1,1,1,1
CT638,Rural,1,1,1,1
CT638,Town,1,1,1,1
CT639,Metropolitan,1,1,1,1
CT639,Rural,1,1,1,1
CT639,Town,1,1,1,1
CT640,Metropolitan,1,1,1,1
CT640,Rural,1,1,1,1
CT640,Town,1,1,1,1
CT641,Metropolitan,1,1,1,1
CT641,Rural,1,1,1,1
CT641,Town,1,1,1,1
CT642,Metropolitan,1,1,1,1
CT642,Rural,1,1,1,1
CT642,Town,1,1,1,1
CT643,Metropolitan,1,1,1,1
CT643,Rural,1,1,1,1
CT643,Town,1,1,1,1
CT644,Metropolitan,1,1,1,1
CT644,Rural,1,1,1,1
CT644,Town,1,1,1,1
CT645,Metropolitan,1,1,1,1
CT645,Rural,1,1,1,1
CT645,Town,1,1,1,1
CT646,Metropolitan,1,1,1,1
CT646,Rural,1,1,1,1
CT646,Town,1,1,1,1
CT647,Metropolitan,1,1,1,1
CT647,Rural,1,1,1,1
CT647,Town,1,1,1,1
CT648,Metropolitan,1,1,1,1
CT648,Rural,1,1,1,1
CT648,Town,1,1,1,1
CT649,Metropolitan,1,1,1,1
CT649,Rural,1,1,1,1
CT649,Town,1,1,1,1
CT650,Metropolitan,1,1,1,1
CT650,Rural,1,1,1,1
CT650,Town,1,1,1,1
CT651,Metropolitan,1,1,1,1
CT651,Rural,1,1,1,1
CT651,Town,1,1,1,1
CT652,Metropolitan,1,1,1,1
CT652,Rural,1,1,1,1
CT652,Town,1,1,1,1
CT653,Metropolitan,1,1,1,1
CT653,Rural,1,1,1,1
CT653,Town,1,1,1,1
CT654,Metropolitan,1,1,1,1
CT654,Rural,1,1,1,1
CT654,Town,1,1,1,1
CT655,Metropolitan,1,1,1,1
CT655,Rural,1,1,1,1
CT655,Town,1,1,1,1
CT656,Metropolitan,1,1,1,1
CT656,Rural,1,1,1,1
CT656,Town,1,1,1,1
CT657,Metropolitan,1,1,1,1
CT657,Rural,1,1,1,1
CT657,Town,1,1,1,1
CT658,Metropolitan,1,1,1,1
CT658,Rural,1,1,1,1
CT658,Town,1,1,1,1
CT659,Metropolitan,1,1,1,1
CT659,Rural,1,1,1,1
CT659,Town,1,1,1,1
CT660,Metropolitan,1,1,1,1
CT660,Rural,1,1,1,1
CT660,Town,1,1,1,1
CT661,Metropolitan,1,1,1,1
CT661,Rural,1,1,1,1
CT661,Town,1,1,1,1
CT662,Metropolitan,1,1,1,1
CT662,Rural,1,1,1,1
CT662,Town,1,1,1,1
CT663,Metropolitan,1,1,1,1
CT663,Rural,1,1,1,1
CT663,Town,1,1,1,1
CT664,Metropolitan,1,1,1,1
CT664,Rural,1,1,1,1
CT664,Town,1,1,1,1
CT665,Metropolitan,1,1,1,1
CT665,Rural,1,1,1,1
CT665,Town,1,1,1,1
CT666,Metropolitan,1,1,1,1
CT666,Rural,1,1,1,1
CT666,Town,1,1,1,1
CT667,Metropolitan,1,1,1,1
CT667,Rural,1,1,1,1
CT667,Town,1,1,1,1
CT668,Metropolitan,1,1,1,1
CT668,Rural,1,1,1,1
CT668,Town,1,1,1,1
CT669,Metropolitan,1,1,1,1
CT669,Rural,1,1,1,1
CT669,Town,1,1,1,1
CT670,Metropolitan,1,1,1,1
CT670,Rural,1,1,1,1
CT670,Town,1,1,1,1
CT671,Metropolitan,1,1,1,1
CT671,Rural,1,1,1,1
CT671,Town,1,1,1,1
CT672,Metropolitan,1,1,1,1
CT672,Rural,1,1,1,1
CT672,Town,1,1,1,1
CT673,Metropolitan,1,1,1,1
CT673,Rural,1,1,1,1
CT673,Town,1,1,1,1
CT674,Metropolitan,1,1,1,1
CT674,Rural,1,1,1,1
CT674,Town,1,1,1,1
CT675,Metropolitan,1,1,1,1
CT675,Rural,1,1,1,1
CT675,Town,1,1,1,1
CT676,Metropolitan,1,1,1,1
CT676,Rural,1,1,1,1
CT676,Town,1,1,1,1
CT677,Metropolitan,1,1,1,1
CT677,Rural,1,1,1,1
CT677,Town,1,1,1,1
CT678,Metropolitan,1,1,1,1
CT678,Rural,1,1,1,1
CT678,Town,1,1,1,1
CT679,Metropolitan,1,1,1,1
CT679,Rural,1,1,1,1
CT679,Town,1,1,1,1
CT680,Metropolitan,1,1,1,1
CT680,Rural,1,1,1,1
CT680,Town,1,1,1,1
CT681,Metropolitan,1,1,1,1
CT681,Rural,1,1,1,1
CT681,Town,1,1,1,1
CT682,Metropolitan,1,1,1,1
CT682,Rural,1,1,1,1
CT682,Town,1,1,1,1
CT683,Metropolitan,1,1,1,1
CT683,Rural,1,1,1,1
CT683,Town,1,1,1,1
CT684,Metropolitan,1,1,1,1
CT684,Rural,1,1,1,1
CT684,Town,1,1,1,1
CT685,Metropolitan,1,1,1,1
CT685,Rural,1,1,1,1
CT685,Town,1,1,1,1
CT686,Metropolitan,1,1,1,1
CT686,Rural,1,1,1,1
CT686,Town,1,1,1,1
CT687,Metropolitan,1,1,1,1
CT687,Rural,1,1,1,1
CT687,Town,1,1,1,1
CT688,Metropolitan,1,1,1,1
CT688,Rural,1,1,1,1
CT688,Town,1,1,1,1
CT689,Metropolitan,1,1,1,1
CT689,Rural,1,1,1,1
CT689,Town,1,1,1,1
CT690,Metropolitan,1,1,1,1
CT690,Rural,1,1,1,1
CT690,Town,1,1,1,1
CT691,Metropolitan,1,1,1,1
CT691,Rural,1,1,1,1
CT691,Town,1,1,1,1
CT692,Metropolitan,1,1,1,1
CT692,Rural,1,1,1,1
CT692,Town,1,1,1,1
CT693,Metropolitan,1,1,1,1
CT693,Rural,1,1,1,1
CT693,Town,1,1,1,1
CT694,Metropolitan,1,1,1,1
CT694,Rural,1,1,1,1
CT694,Town,1,1,1,1
CT695,Metropolitan,1,1,1,1
CT695,Rural,1,1,1,1
CT695,Town,1,1,1,1
CT696,Metropolitan,1,1,1,1
CT696,Rural,1,1,1,1
CT696,Town,1,1,1,1
CT697,Metropolitan,1,1,1,1
CT697,Rural,1,1,1,1
CT697,Town,1,1,1,1
CT698,Metropolitan,1,1,1,1
CT698,Rural,1,1,1,1
CT698,Town,1,1,1,1
CT699,Metropolitan,1,1,1,1
CT699,Rural,1,1,1,1
CT699,Town,1,1,1,1
CT700,Metropolitan,1,1,1,1
CT700,Rural,1,1,1,1
CT700,Town,1,1,1,1
CT701,Metropolitan,1,1,1,1
CT701,Rural,1,1,1,1
CT701,Town,1,1,1,1
CT702,Metropolitan,1,1,1,1
CT702,Rural,1,1,1,1
CT702,Town,1,1,1,1
CT703,Metropolitan,1,1,1,1
CT703,Rural,1,1,1,1
CT703,Town,1,1,1,1
CT704,Metropolitan,1,1,1,1
CT704,Rural,1,1,1,1
CT704,Town,1,1,1,1
CT705,Metropolitan,1,1,1,1
CT705,Rural,1,1,1,1
CT705,Town,1,1,1,1
CT706,Metropolitan,1,1,1,1
CT706,Rural,1,1,1,1
CT706,Town,1,1,1,1
CT707,Metropolitan,1,1,1,1
CT707,Rural,1,1,1,1
CT707,Town,1,1,1,1
CT708,Metropolitan,1,1,1,1
CT708,Rural,1,1,1,1
CT708,Town,1,1,1,1
CT709,Metropolitan,1,1,1,1
CT709,Rural,1,1,1,1
CT709,Town,1,1,1,1
CT710,Metropolitan,1,1,1,1
CT710,Rural,1,1,1,1
CT710,Town,1,1,1,1
CT711,Metropolitan,1,1,1,1
CT711,Rural,1,1,1,1
CT711,Town,1,1,1,1
CT712,Metropolitan,1,1,1,1
CT712,Rural,1,1,1,1
CT712,Town,1,1,1,1
CT713,Metropolitan,1,1,1,1
CT713,Rural,1,1,1,1
CT713,Town,1,1,1,1
CT714,Metropolitan,1,1,1,1
CT714,Rural,1,1,1,1
CT714,Town,1,1,1,1
CT715,Metropolitan,1,1,1,1
CT715,Rural,1,1,1,1
CT715,Town,1,1,1,1
CT716,Metropolitan,1,1,1,1
CT716,Rural,1,1,1,1
CT716,Town,1,1,1,1
CT717,Metropolitan,1,1,1,1
CT717,Rural,1,1,1,1
CT717,Town,1,1,1,1
CT718,Metropolitan,1,1,1,1
CT718,Rural,1,1,1,1
CT718,Town,1,1,1,1
CT719,Metropolitan,1,1,1,1
CT719,Rural,1,1,1,1
CT719,Town,1,1,1,1
CT720,Metropolitan,1,1,1,1
CT720,Rural,1,1,1,1
CT720,Town,1,1,1,1
CT721,Metropolitan,1,1,1,1
CT721,Rural,1,1,1,1
CT721,Town,1,1,1,1
CT722,Metropolitan,1,1,1,1
CT722,Rural,1,1,1,1
CT722,Town,1,1,1,1
CT723,Metropolitan,1,1,1,1
CT723,Rural,1,1,1,1
CT723,Town,1,1,1,1
CT724,Metropolitan,1,1,1,1
CT724,Rural,1,1,1,1
CT724,Town,1,1,1,1
CT725,Metropolitan,1,1,1,1
CT725,Rural,1,1,1,1
CT725,Town,1,1,1,1
CT726,Metropolitan,1,1,1,1
CT726,Rural,1,1,1,1
CT726,Town,1,1,1,1
CT727,Metropolitan,1,1,1,1
CT727,Rural,1,1,1,1
CT727,Town,1,1,1,1
CT728,Metropolitan,1,1,1,1
CT728,Rural,1,1,1,1
CT728,Town,1,1,1,1
CT729,Metropolitan,1,1,1,1
CT729,Rural,1,1,1,1
CT729,Town,1,1,1,1
CT730,Metropolitan,1,1,1,1
CT730,Rural,1,1,1,1
CT730,Town,1,1,1,1
CT731,Metropolitan,1,1,1,1
CT731,Rural,1,1,1,1
CT731,Town,1,1,1,1
CT732,Metropolitan,1,1,1,1
CT732,Rural,1,1,1,1
CT732,Town,1,1,1,1
CT733,Metropolitan,1,1,1,1
CT733,Rural,1,1,1,1
CT733,Town,1,1,1,1
CT734,Metropolitan,1,1,1,1
CT734,Rural,1,1,1,1
CT734,Town,1,1,1,1
CT735,Metropolitan,1,1,1,1
CT735,Rural,1,1,1,1
CT735,Town,1,1,1,1
CT736,Metropolitan,1,1,1,1
CT736,Rural,1,1,1,1
CT736,Town,1,1,1,1
CT737,Metropolitan,1,1,1,1
CT737,Rural,1,1,1,1
CT737,Town,1,1,1,1
CT738,Metropolitan,1,1,1,1
CT738,Rural,1,1,1,1
CT738,Town,1,1,1,1
CT739,Metropolitan,1,1,1,1
CT739,Rural,1,1,1,1
CT739,Town,1,1,1,1
CT740,Metropolitan,1,1,1,1
CT740,Rural,1,1,1,1
CT740,Town,1,1,1,1
CT741,Metropolitan,1,1,1,1
CT741,Rural,1,1,1,1
CT741,Town,1,1,1,1
CT742,Metropolitan,1,1,1,1
CT742,Rural,1,1,1,1
CT742,Town,1,1,1,1
CT743,Metropolitan,1,1,1,1
CT743,Rural,1,1,1,1
CT743,Town,1,1,1,1
CT744,Metropolitan,1,1,1,1
CT744,Rural,1,1,1,1
CT744,Town,1,1,1,1
CT745,Metropolitan,1,1,1,1
CT745,Rural,1,1,1,1
CT745,Town,1,1,1,1
CT746,Metropolitan,1,1,1,1
CT746,Rural,1,1,1,1
CT746,Town,1,1,1,1
CT747,Metropolitan,1,1,1,1
CT747,Rural,1,1,1,1
CT747,Town,1,1,1,1
CT748,Metropolitan,1,1,1,1
CT748,Rural,1,1,1,1
CT748,Town,1,1,1,1
CT749,Metropolitan,1,1,1,1
CT749,Rural,1,1,1,1
CT749,Town,1,1,1,1
CT750,Metropolitan,1,1,1,1
CT750,Rural,1,1,1,1
CT750,Town,1,1,1,1
CT751,Metropolitan,1,1,1,1
CT751,Rural,1,1,1,1
CT751,Town,1,1,1,1
CT752,Metropolitan,1,1,1,1
CT752,Rural,1,1,1,1
CT752,Town,1,1,1,1
CT753,Metropolitan,1,1,1,1
CT753,Rural,1,1,1,1
CT753,Town,1,1,1,1
CT754,Metropolitan,1,1,1,1
CT754,Rural,1,1,1,1
CT754,Town,1,1,1,1
CT755,Metropolitan,1,1,1,1
CT755,Rural,1,1,1,1
CT755,Town,1,1,1,1
CT756,Metropolitan,1,1,1,1
CT756,Rural,1,1,1,1
CT756,Town,1,1,1,1
CT757,Metropolitan,1,1,1,1
CT757,Rural,1,1,1,1
CT757,Town,1,1,1,1
CT758,Metropolitan,1,1,1,1
CT758,Rural,1,1,1,1
CT758,Town,1,1,1,1
CT759,Metropolitan,1,1,1,1
CT759,Rural,1,1,1,1
CT759,Town,1,1,1,1
CT760,Metropolitan,1,1,1,1
CT760,Rural,1,1,1,1
CT760,Town,1,1,1,1
CT761,Metropolitan,1,1,1,1
CT761,Rural,1,1,1,1
CT761,Town,1,1,1,1
CT762,Metropolitan,1,1,1,1
CT762,Rural,1,1,1,1
CT762,Town,1,1,1,1
CT763,Metropolitan,1,1,1,1
CT763,Rural,1,1,1,1
CT763,Town,1,1,1,1
CT764,Metropolitan,1,1,1,1
CT764,Rural,1,1,1,1
CT764,Town,1,1,1,1
CT765,Metropolitan,1,1,1,1
CT765,Rural,1,1,1,1
CT765,Town,1,1,1,1
CT766,Metropolitan,1,1,1,1
CT766,Rural,1,1,1,1
CT766,Town,1,1,1,1
CT767,Metropolitan,1,1,1,1
CT767,Rural,1,1,1,1
CT767,Town,1,1,1,1
CT768,Metropolitan,1,1,1,1
CT768,Rural,1,1,1,1
CT768,Town,1,1,1,1
CT769,Metropolitan,1,1,1,1
CT769,Rural,1,1,1,1
CT769,Town,1,1,1,1
CT770,Metropolitan,1,1,1,1
CT770,Rural,1,1,1,1
CT770,Town,1,1,1,1
CT771,Metropolitan,1,1,1,1
CT771,Rural,1,1,1,1
CT771,Town,1,1,1,1
CT772,Metropolitan,1,1,1,1
CT772,Rural,1,1,1,1
CT772,Town,1,1,1,1
CT773,Metropolitan,1,1,1,1
CT773,Rural,1,1,1,1
CT773,Town,1,1,1,1
CT774,Metropolitan,1,1,1,1
CT774,Rural,1,1,1,1
CT774,Town,1,1,1,1
CT775,Metropolitan,1,1,1,1
CT775,Rural,1,1,1,1
CT775,Town,1,1,1,1
CT776,Metropolitan,1,1,1,1
CT776,Rural,1,1,1,1
CT776,Town,1,1,1,1
CT777,Metropolitan,1,1,1,1
CT777,Rural,1,1,1,1
CT777,Town,1,1,1,1
CT778,Metropolitan,1,1,1,1
CT778,Rural,1,1,1,1
CT778,Town,1,1,1,1
CT779,Metropolitan,1,1,1,1
CT779,Rural,1,1,1,1
CT779,Town,1,1,1,1
CT780,Metropolitan,1,1,1,1
CT780,Rural,1,1,1,1
CT780,Town,1,1,1,1
CT781,Metropolitan,1,1,1,1
CT781,Rural,1,1,1,1
CT781,Town,1,1,1,1
CT782,Metropolitan,1,1,1,1
CT782,Rural,1,1,1,1
CT782,Town,1,1,1,1
CT783,Metropolitan,1,1,1,1
CT783,Rural,1,1,1,1
CT783,Town,1,1,1,1
CT784,Metropolitan,1,1,1,1
CT784,Rural,1,1,1,1
CT784,Town,1,1,1,1
CT785,Metropolitan,1,1,1,1
CT785,Rural,1,1,1,1
CT785,Town,1,1,1,1
CT786,Metropolitan,1,1,1,1
CT786,Rural,1,1,1,1
CT786,Town,1,1,1,1
CT787,Metropolitan,1,1,1,1
CT787,Rural,1,1,1,1
CT787,Town,1,1,1,1
CT788,Metropolitan,1,1,1,1
CT788,Rural,1,1,1,1
CT788,Town,1,1,1,1
CT789,Metropolitan,1,1,1,1
CT789,Rural,1,1,1,1
CT789,Town,1,1,1,1
CT790,Metropolitan,1,1,1,1
CT790,Rural,1,1,1,1
CT790,Town,1,1,1,1
CT791,Metropolitan,1,1,1,1
CT791,Rural,1,1,1,1
CT791,Town,1,1,1,1
CT792,Metropolitan,1,1,1,1
CT792,Rural,1,1,1,1
CT792,Town,1,1,1,1
CT793,Metropolitan,1,1,1,1
CT793,Rural,1,1,1,1
CT793,Town,1,1,1,1
CT794,Metropolitan,1,1,1,1
CT794,Rural,1,1,1,1
CT794,Town,1,1,1,1
CT795,Metropolitan,1,1,1,1
CT795,Rural,1,1,1,1
CT795,Town,1,1,1,1
CT796,Metropolitan,1,1,1,1
CT796,Rural,1,1,1,1
CT796,Town,1,1,1,1
CT797,Metropolitan,1,1,1,1
CT797,Rural,1,1,1,1
CT797,Town,1,1,1,1
CT798,Metropolitan,1,1,1,1
CT798,Rural,1,1,1,1
CT798,Town,1,1,1,1
CT799,Metropolitan,1,1,1,1
CT799,Rural,1,1,1,1
CT799,Town,1,1,1,1
CT800,Metropolitan,1,1,1,1
CT800,Rural,1,1,1,1
CT800,Town,1,1,1,1
CT801,Metropolitan,1,1,1,1
CT801,Rural,1,1,1,1
CT801,Town,1,1,1,1
CT802,Metropolitan,1,1,1,1
CT802,Rural,1,1,1,1
CT802,Town,1,1,1,1
CT803,Metropolitan,1,1,1,1
CT803,Rural,1,1,1,1
CT803,Town,1,1,1,1
CT804,Metropolitan,1,1,1,1
CT804,Rural,1,1,1,1
CT804,Town,1,1,1,1
CT805,Metropolitan,1,1,1,1
CT805,Rural,1,1,1,1
CT805,Town,1,1,1,1
CT806,Metropolitan,1,1,1,1
CT806,Rural,1,1,1,1
CT806,Town,1,1,1,1
CT807,Metropolitan,1,1,1,1
CT807,Rural,1,1,1,1
CT807,Town,1,1,1,1
CT808,Metropolitan,1,1,1,1
CT808,Rural,1,1,1,1
CT808,Town,1,1,1,1
CT809,Metropolitan,1,1,1,1
CT809,Rural,1,1,1,1
CT809,Town,1,1,1,1
CT810,Metropolitan,1,1,1,1
CT810,Rural,1,1,1,1
CT810,Town,1,1,1,1
CT811,Metropolitan,1,1,1,1
CT811,Rural,1,1,1,1
CT811,Town,1,1,1,1
CT812,Metropolitan,1,1,1,1
CT812,Rural,1,1,1,1
CT812,Town,1,1,1,1
CT813,Metropolitan,1,1,1,1
CT813,Rural,1,1,1,1
CT813,Town,1,1,1,1
CT814,Metropolitan,1,1,1,1
CT814,Rural,1,1,1,1
CT814,Town,1,1,1,1
CT815,Metropolitan,1,1,1,1
CT815,Rural,1,1,1,1
CT815,Town,1,1,1,1
CT816,Metropolitan,1,1,1,1
CT816,Rural,1,1,1,1
CT816,Town,1,1,1,1
CT817,Metropolitan,1,1,1,1
CT817,Rural,1,1,1,1
CT817,Town,1,1,1,1
CT818,Metropolitan,1,1,1,1
CT818,Rural,1,1,1,1
CT818,Town,1,1,1,1
CT819,Metropolitan,1,1,1,1
CT819,Rural,1,1,1,1
CT819,Town,1,1,1,1
CT820,Metropolitan,1,1,1,1
CT820,Rural,1,1,1,1
CT820,Town,1,1,1,1
CT821,Metropolitan,1,1,1,1
CT821,Rural,1,1,1,1
CT821,Town,1,1,1,1
CT822,Metropolitan,1,1,1,1
CT822,Rural,1,1,1,1
CT822,Town,1,1,1,1
CT823,Metropolitan,1,1,1,1
CT823,Rural,1,1,1,1
CT823,Town,1,1,1,1
CT824,Metropolitan,1,1,1,1
CT824,Rural,1,1,1,1
CT824,Town,1,1,1,1
CT825,Metropolitan,1,1,1,1
CT825,Rural,1,1,1,1
CT825,Town,1,1,1,1
CT826,Metropolitan,1,1,1,1
CT826,Rural,1,1,1,1
CT826,Town,1,1,1,1
CT827,Metropolitan,1,1,1,1
CT827,Rural,1,1,1,1
CT827,Town,1,1,1,1
CT828,Metropolitan,1,1,1,1
CT828,Rural,1,1,1,1
CT828,Town,1,1,1,1
CT829,Metropolitan,1,1,1,1
CT829,Rural,1,1,1,1
CT829,Town,1,1,1,1
CT830,Metropolitan,1,1,1,1
CT830,Rural,1,1,1,1
CT830,Town,1,1,1,1
CT831,Metropolitan,1,1,1,1
CT831,Rural,1,1,1,1
CT831,Town,1,1,1,1
CT832,Metropolitan,1,1,1,1
CT832,Rural,1,1,1,1
CT832,Town,1,1,1,1
CT833,Metropolitan,1,1,1,1
CT833,Rural,1,1,1,1
CT833,Town,1,1,1,1
CT834,Metropolitan,1,1,1,1
CT834,Rural,1,1,1,1
CT834,Town,1,1,1,1
CT835,Metropolitan,1,1,1,1
CT835,Rural,1,1,1,1
CT835,Town,1,1,1,1
CT836,Metropolitan,1,1,1,1
CT836,Rural,1,1,1,1
CT836,Town,1,1,1,1
CT837,Metropolitan,1,1,1,1
CT837,Rural,1,1,1,1
CT837,Town,1,1,1,1
CT838,Metropolitan,1,1,1,1
CT838,Rural,1,1,1,1
CT838,Town,1,1,1,1
CT839,Metropolitan,1,1,1,1
CT839,Rural,1,1,1,1
CT839,Town,1,1,1,1
CT840,Metropolitan,1,1,1,1
CT840,Rural,1,1,1,1
CT840,Town,1,1,1,1
CT841,Metropolitan,1,1,1,1
CT841,Rural,1,1,1,1
CT841,Town,1,1,1,1
CT842,Metropolitan,1,1,1,1
CT842,Rural,1,1,1,1
CT842,Town,1,1,1,1
CT843,Metropolitan,1,1,1,1
CT843,Rural,1,1,1,1
CT843,Town,1,1,1,1
CT844,Metropolitan,1,1,1,1
CT844,Rural,1,1,1,1
CT844,Town,1,1,1,1
CT845,Metropolitan,1,1,1,1
CT845,Rural,1,1,1,1
CT845,Town,1,1,1,1
CT846,Metropolitan,1,1,1,1
CT846,Rural,1,1,1,1
CT846,Town,1,1,1,1
CT847,Metropolitan,1,1,1,1
CT847,Rural,1,1,1,1
CT847,Town,1,1,1,1
CT848,Metropolitan,1,1,1,1
CT848,Rural,1,1,1,1
CT848,Town,1,1,1,1
CT849,Metropolitan,1,1,1,1
CT849,Rural,1,1,1,1
CT849,Town,1,1,1,1
CT850,Metropolitan,1,1,1,1
CT850,Rural,1,1,1,1
CT850,Town,1,1,1,1
CT851,Metropolitan,1,1,1,1
CT851,Rural,1,1,1,1
CT851,Town,1,1,1,1
CT852,Metropolitan,1,1,1,1
CT852,Rural,1,1,1,1
CT852,Town,1,1,1,1
CT853,Metropolitan,1,1,1,1
CT853,Rural,1,1,1,1
CT853,Town,1,1,1,1
CT854,Metropolitan,1,1,1,1
CT854,Rural,1,1,1,1
CT854,Town,1,1,1,1
CT855,Metropolitan,1,1,1,1
CT855,Rural,1,1,1,1
CT855,Town,1,1,1,1
CT856,Metropolitan,1,1,1,1
CT856,Rural,1,1,1,1
CT856,Town,1,1,1,1
CT857,Metropolitan,1,1,1,1
CT857,Rural,1,1,1,1
CT857,Town,1,1,1,1
CT858,Metropolitan,1,1,1,1
CT858,Rural,1,1,1,1
CT858,Town,1,1,1,1
CT859,Metropolitan,1,1,1,1
CT859,Rural,1,1,1,1
CT859,Town,1,1,1,1
CT860,Metropolitan,1,1,1,1
CT860,Rural,1,1,1,1
CT860,Town,1,1,1,1
CT861,Metropolitan,1,1,1,1
CT861,Rural,1,1,1,1
CT861,Town,1,1,1,1
CT862,Metropolitan,1,1,1,1
CT862,Rural,1,1,1,1
CT862,Town,1,1,1,1
CT863,Metropolitan,1,1,1,1
CT863,Rural,1,1,1,1
CT863,Town,1,1,1,1
CT864,Metropolitan,1,1,1,1
CT864,Rural,1,1,1,1
CT864,Town,1,1,1,1
CT865,Metropolitan,1,1,1,1
CT865,Rural,1,1,1,1
CT865,Town,1,1,1,1
CT866,Metropolitan,1,1,1,1
CT866,Rural,1,1,1,1
CT866,Town,1,1,1,1
CT867,Metropolitan,1,1,1,1
CT867,Rural,1,1,1,1
CT867,Town,1,1,1,1
CT868,Metropolitan,1,1,1,1
CT868,Rural,1,1,1,1
CT868,Town,1,1,1,1
CT869,Metropolitan,1,1,1,1
CT869,Rural,1,1,1,1
CT869,Town,1,1,1,1
CT870,Metropolitan,1,1,1,1
CT870,Rural,1,1,1,1
CT870,Town,1,1,1,1
CT871,Metropolitan,1,1,1,1
CT871,Rural,1,1,1,1
CT871,Town,1,1,1,1
CT872,Metropolitan,1,1,1,1
CT872,Rural,1,1,1,1
CT872,Town,1,1,1,1
CT873,Metropolitan,1,1,1,1
CT873,Rural,1,1,1,1
CT873,Town,1,1,1,1
CT874,Metropolitan,1,1,1,1
CT874,Rural,1,1,1,1
CT874,Town,1,1,1,1
CT875,Metropolitan,1,1,1,1
CT875,Rural,1,1,1,1
CT875,Town,1,1,1,1
CT876,Metropolitan,1,1,1,1
CT876,Rural,1,1,1,1
CT876,Town,1,1,1,1
CT877,Metropolitan,1,1,1,1
CT877,Rural,1,1,1,1
CT877,Town,1,1,1,1
CT878,Metropolitan,1,1,1,1
CT878,Rural,1,1,1,1
CT878,Town,1,1,1,1
CT879,Metropolitan,1,1,1,1
CT879,Rural,1,1,1,1
CT879,Town,1,1,1,1
CT880,Metropolitan,1,1,1,1
CT880,Rural,1,1,1,1
CT880,Town,1,1,1,1
CT881,Metropolitan,1,1,1,1
CT881,Rural,1,1,1,1
CT881,Town,1,1,1,1
CT882,Metropolitan,1,1,1,1
CT882,Rural,1,1,1,1
CT882,Town,1,1,1,1
CT883,Metropolitan,1,1,1,1
CT883,Rural,1,1,1,1
CT883,Town,1,1,1,1
CT884,Metropolitan,1,1,1,1
CT884,Rural,1,1,1,1
CT884,Town,1,1,1,1
CT885,Metropolitan,1,1,1,1
CT885,Rural,1,1,1,1
CT885,Town,1,1,1,1
CT886,Metropolitan,1,1,1,1
CT886,Rural,1,1,1,1
CT886,Town,1,1,1,1
CT887,Metropolitan,1,1,1,1
CT887,Rural,1,1,1,1
CT887,Town,1,1,1,1
CT888,Metropolitan,1,1,1,1
CT888,Rural,1,1,1,1
CT888,Town,1,1,1,1
CT889,Metropolitan,1,1,1,1
CT889,Rural,1,1,1,1
CT889,Town,1,1,1,1
CT890,Metropolitan,1,1,1,1
CT890,Rural,1,1,1,1
CT890,Town,1,1,1,1
CT891,Metropolitan,1,1,1,1
CT891,Rural,1,1,1,1
CT891,Town,1,1,1,1
CT892,Metropolitan,1,1,1,1
CT892,Rural,1,1,1,1
CT892,Town,1,1,1,1
CT893,Metropolitan,1,1,1,1
CT893,Rural,1,1,1,1
CT893,Town,1,1,1,1
CT894,Metropolitan,1,1,1,1
CT894,Rural,1,1,1,1
CT894,Town,1,1,1,1
CT895,Metropolitan,1,1,1,1
CT895,Rural,1,1,1,1
CT895,Town,1,1,1,1
CT896,Metropolitan,1,1,1,1
CT896,Rural,1,1,1,1
CT896,Town,1,1,1,1
CT897,Metropolitan,1,1,1,1
CT897,Rural,1,1,1,1
CT897,Town,1,1,1,1
CT898,Metropolitan,1,1,1,1
CT898,Rural,1,1,1,1
CT898,Town,1,1,1,1
CT899,Metropolitan,1,1,1,1
CT899,Rural,1,1,1,1
CT899,Town,1,1,1,1
CT900,Metropolitan,1,1,1,1
CT900,Rural,1,1,1,1
CT900,Town,1,1,1,1
CT901,Metropolitan,1,1,1,1
CT901,Rural,1,1,1,1
CT901,Town,1,1,1,1
CT902,Metropolitan,1,1,1,1
CT902,Rural,1,1,1,1
CT902,Town,1,1,1,1
CT903,Metropolitan,1,1,1,1
CT903,Rural,1,1,1,1
CT903,Town,1,1,1,1
CT904,Metropolitan,1,1,1,1
CT904,Rural,1,1,1,1
CT904,Town,1,1,1,1
CT905,Metropolitan,1,1,1,1
CT905,Rural,1,1,1,1
CT905,Town,1,1,1,1
CT906,Metropolitan,1,1,1,1
CT906,Rural,1,1,1,1
CT906,Town,1,1,1,1
CT907,Metropolitan,1,1,1,1
CT907,Rural,1,1,1,1
CT907,Town,1,1,1,1
CT908,Metropolitan,1,1,1,1
CT908,Rural,1,1,1,1
CT908,Town,1,1,1,1
CT909,Metropolitan,1,1,1,1
CT909,Rural,1,1,1,1
CT909,Town,1,1,1,1
CT910,Metropolitan,1,1,1,1
CT910,Rural,1,1,1,1
CT910,Town,1,1,1,1
CT911,Metropolitan,1,1,1,1
CT911,Rural,1,1,1,1
CT911,Town,1,1,1,1
CT912,Metropolitan,1,1,1,1
CT912,Rural,1,1,1,1
CT912,Town,1,1,1,1
CT913,Metropolitan,1,1,1,1
CT913,Rural,1,1,1,1
CT913,Town,1,1,1,1
CT914,Metropolitan,1,1,1,1
CT914,Rural,1,1,1,1
CT914,Town,1,1,1,1
CT915,Metropolitan,1,1,1,1
CT915,Rural,1,1,1,1
CT915,Town,1,1,1,1
CT916,Metropolitan,1,1,1,1
CT916,Rural,1,1,1,1
CT916,Town,1,1,1,1
CT917,Metropolitan,1,1,1,1
CT917,Rural,1,1,1,1
CT917,Town,1,1,1,1
CT918,Metropolitan,1,1,1,1
CT918,Rural,1,1,1,1
CT918,Town,1,1,1,1
CT919,Metropolitan,1,1,1,1
CT919,Rural,1,1,1,1
CT919,Town,1,1,1,1
CT920,Metropolitan,1,1,1,1
CT920,Rural,1,1,1,1
CT920,Town,1,1,1,1
CT921,Metropolitan,1,1,1,1
CT921,Rural,1,1,1,1
CT921,Town,1,1,1,1
CT922,Metropolitan,1,1,1,1
CT922,Rural,1,1,1,1
CT922,Town,1,1,1,1
CT923,Metropolitan,1,1,1,1
CT923,Rural,1,1,1,1
CT923,Town,1,1,1,1
CT924,Metropolitan,1,1,1,1
CT924,Rural,1,1,1,1
CT924,Town,1,1,1,1
CT925,Metropolitan,1,1,1,1
CT925,Rural,1,1,1,1
CT925,Town,1,1,1,1
CT926,Metropolitan,1,1,1,1
CT926,Rural,1,1,1,1
CT926,Town,1,1,1,1
CT927,Metropolitan,1,1,1,1
CT927,Rural,1,1,1,1
CT927,Town,1,1,1,1
CT928,Metropolitan,1,1,1,1
CT928,Rural,1,1,1,1
CT928,Town,1,1,1,1
CT929,Metropolitan,1,1,1,1
CT929,Rural,1,1,1,1
CT929,Town,1,1,1,1
CT930,Metropolitan,1,1,1,1
CT930,Rural,1,1,1,1
CT930,Town,1,1,1,1
CT931,Metropolitan,1,1,1,1
CT931,Rural,1,1,1,1
CT931,Town,1,1,1,1
CT932,Metropolitan,1,1,1,1
CT932,Rural,1,1,1,1
CT932,Town,1,1,1,1
CT933,Metropolitan,1,1,1,1
CT933,Rural,1,1,1,1
CT933,Town,1,1,1,1
CT934,Metropolitan,1,1,1,1
CT934,Rural,1,1,1,1
CT934,Town,1,1,1,1
CT935,Metropolitan,1,1,1,1
CT935,Rural,1,1,1,1
CT935,Town,1,1,1,1
CT936,Metropolitan,1,1,1,1
CT936,Rural,1,1,1,1
CT936,Town,1,1,1,1
CT937,Metropolitan,1,1,1,1
CT937,Rural,1,1,1,1
CT937,Town,1,1,1,1
CT938,Metropolitan,1,1,1,1
CT938,Rural,1,1,1,1
CT938,Town,1,1,1,1
CT939,Metropolitan,1,1,1,1
CT939,Rural,1,1,1,1
CT939,Town,1,1,1,1
CT940,Metropolitan,1,1,1,1
CT940,Rural,1,1,1,1
CT940,Town,1,1,1,1
CT941,Metropolitan,1,1,1,1
CT941,Rural,1,1,1,1
CT941,Town,1,1,1,1
CT942,Metropolitan,1,1,1,1
CT942,Rural,1,1,1,1
CT942,Town,1,1,1,1
CT943,Metropolitan,1,1,1,1
CT943,Rural,1,1,1,1
CT943,Town,1,1,1,1
CT944,Metropolitan,1,1,1,1
CT944,Rural,1,1,1,1
CT944,Town,1,1,1,1
CT945,Metropolitan,1,1,1,1
CT945,Rural,1,1,1,1
CT945,Town,1,1,1,1
CT946,Metropolitan,1,1,1,1
CT946,Rural,1,1,1,1
CT946,Town,1,1,1,1
CT947,Metropolitan,1,1,1,1
CT947,Rural,1,1,1,1
CT947,Town,1,1,1,1
CT948,Metropolitan,1,1,1,1
CT948,Rural,1,1,1,1
CT948,Town,1,1,1,1
